117440	123807	transitive
19220	23637	transitive
18636	23637	transitive
14022	23637	transitive
9492	23637	transitive
5004	23637	transitive
18636	19220	transitive
14022	19220	transitive
9492	19220	transitive
5004	19220	transitive
14022	18636	transitive
9492	18636	transitive
5004	18636	transitive
9492	14022	transitive
5004	14022	transitive
5004	9492	transitive
59731	158045	transitive
122246	130298	transitive
120679	130298	transitive
120679	122246	transitive
17377	20567	transitive
131867	133475	transitive
85097	174344	transitive
39565	41839	transitive
50456	208308	transitive
22408	81025	transitive
35314	37365	transitive
71760	72063	transitive
31453	96370	transitive
35438	55251	transitive
35750	36738	transitive
137264	137279	transitive
137172	137279	transitive
137172	137264	transitive
21169	22220	transitive
122246	125601	transitive
120679	122246	transitive
15000	102796	transitive
50820	94894	transitive
42967	237084	transitive
34896	35257	transitive
28717	233414	transitive
125756	126449	transitive
12695	121341	transitive
34525	35285	transitive
27884	82541	transitive
28836	178772	transitive
133475	135718	transitive
89131	90363	transitive
63646	66811	transitive
36316	48779	transitive
32299	109820	transitive
164343	184315	transitive
8310	20635	transitive
44156	44212	transitive
23852	29606	transitive
37034	40835	transitive
10465	127567	transitive
37247	44084	transitive
58319	59558	transitive
34977	35762	transitive
114431	120679	transitive
242817	243358	transitive
9582	243358	transitive
9582	242817	transitive
116521	126389	transitive
5457	10056	transitive
142498	147658	transitive
152221	193496	transitive
44156	44212	transitive
96496	257136	transitive
34905	35816	transitive
33231	103126	transitive
53542	53841	transitive
63605	64047	transitive
202253	213681	transitive
178772	213681	transitive
170277	213681	transitive
178772	202253	transitive
170277	202253	transitive
170277	178772	transitive
66380	66659	transitive
25397	41320	transitive
29516	77807	transitive
97289	229320	transitive
372	18504	transitive
35217	35395	transitive
34936	35489	transitive
28558	178726	transitive
29516	76172	transitive
217451	244497	transitive
201733	244497	transitive
201057	244497	transitive
192468	244497	transitive
201733	217451	transitive
201057	217451	transitive
192468	217451	transitive
132838	217451	transitive
201057	201733	transitive
192468	201733	transitive
132838	201733	transitive
192468	201057	transitive
132838	201057	transitive
132838	192468	transitive
190455	219826	transitive
66435	70374	transitive
35077	60149	transitive
252267	253056	transitive
18485	29606	transitive
137019	137242	transitive
149857	174306	transitive
27884	82541	transitive
142096	222284	transitive
130109	139370	transitive
35193	35426	transitive
137033	146429	transitive
25403	64127	transitive
67817	67843	transitive
35296	37913	transitive
3597	9959	transitive
232224	243781	transitive
229766	243781	transitive
219122	243781	transitive
191998	243781	transitive
149168	243781	transitive
229766	232224	transitive
219122	232224	transitive
191998	232224	transitive
149168	232224	transitive
219122	229766	transitive
191998	229766	transitive
149168	229766	transitive
191998	219122	transitive
149168	219122	transitive
149168	191998	transitive
321	19991	transitive
117746	177934	transitive
257775	167438	fn
257773	198428	fn
257779	79252	fn
257748	35800	fn
257736	35800	fn
257774	69286	fn
257692	114031	fn
257685	123644	fn
257723	135532	fn
257724	35800	fn
257726	87401	fn
257654	19817	fn
257600	21848	fn
257646	37488	fn
257647	35800	fn
257665	81135	fn
257602	35800	fn
257604	35800	fn
257595	58807	fn
257577	194164	fn
257680	178772	fn
257494	17381	fn
257518	8121	fn
257478	32888	fn
257524	243966	fn
257481	6955	fn
257562	198428	fn
257451	79252	fn
257457	4125	fn
257456	35800	fn
257454	16367	fn
257555	69523	fn
257443	1526	fn
257460	35800	fn
257466	194879	fn
257469	133845	fn
257330	30606	fn
257426	123058	fn
257363	114031	fn
257364	29035	fn
257366	80130	fn
257413	132861	fn
257362	4125	fn
257420	72139	fn
257435	170185	fn
257432	178032	fn
257320	35800	fn
257316	257136	fn
257229	57739	fn
257223	163439	fn
257225	35800	fn
257189	35800	fn
257173	82714	fn
257235	32299	fn
257242	68529	fn
257298	96496	fn
257278	29996	fn
257216	97649	fn
257213	84840	fn
257208	169142	fn
257282	57739	fn
257197	112223	fn
257194	29616	fn
257190	20842	fn
257162	17859	fn
257068	170921	fn
257151	197708	fn
257155	35800	fn
257128	65049	fn
257117	35800	fn
257115	15751	fn
257055	125494	fn
257052	143408	fn
257009	35800	fn
257006	35800	fn
257018	69523	fn
257043	69286	fn
257050	69523	fn
256905	107028	fn
256956	241785	fn
256951	35800	fn
256950	35800	fn
256952	109232	fn
256946	164341	fn
256945	35800	fn
256943	128054	fn
256869	23974	fn
256860	138017	fn
256916	76858	fn
256889	35800	fn
256895	164341	fn
256891	35800	fn
256881	169646	fn
256887	57739	fn
256872	35800	fn
256858	239646	fn
256854	392	fn
256826	4016	fn
256730	17381	fn
256740	202454	fn
256746	82098	fn
256790	182900	fn
256794	11719	fn
256722	35800	fn
256720	87741	fn
256725	35800	fn
256728	35800	fn
256639	37573	fn
256658	79252	fn
256650	170483	fn
256684	96313	fn
256621	41219	fn
256708	35800	fn
256704	10008	fn
256705	143408	fn
256706	37488	fn
256702	37314	fn
256615	188206	fn
256610	198428	fn
256683	147791	fn
256653	57739	fn
256648	10008	fn
256535	34102	fn
256531	35800	fn
256473	89024	fn
256470	33449	fn
256475	235385	fn
256506	35800	fn
256477	10008	fn
256480	35800	fn
256491	35800	fn
256437	17381	fn
256431	128263	fn
256502	52149	fn
256460	35800	fn
256467	8121	fn
256518	35800	fn
256464	35800	fn
256383	35800	fn
256405	76543	fn
256409	35800	fn
256355	80775	fn
256337	188499	fn
256326	198689	fn
256268	160110	fn
256254	194070	fn
256252	39458	fn
256250	149778	fn
256092	68529	fn
256186	35800	fn
256185	189341	fn
256046	68529	fn
255993	135691	fn
256053	79221	fn
255875	138468	fn
255906	202454	fn
255909	96496	fn
255962	176786	fn
255977	4125	fn
255911	20842	fn
255878	87741	fn
255876	35800	fn
255892	35800	fn
255881	35800	fn
255945	147825	fn
255842	3440	fn
255848	35800	fn
255771	178230	fn
255850	35800	fn
255810	69523	fn
255819	35800	fn
255862	81135	fn
255807	4016	fn
255757	35800	fn
255755	144488	fn
255702	33282	fn
255759	69523	fn
255726	2804	fn
255724	202454	fn
255698	114031	fn
255692	35800	fn
255747	37314	fn
255672	40077	fn
255693	89024	fn
255718	101801	fn
255661	87211	fn
255585	54867	fn
255629	81135	fn
255602	35800	fn
255653	35800	fn
255652	35800	fn
255651	35800	fn
255484	8121	fn
255522	57739	fn
255556	241785	fn
255536	198428	fn
255562	87482	fn
255571	182900	fn
255404	33449	fn
255381	13335	fn
255383	69523	fn
255387	35800	fn
255371	35800	fn
255375	135374	fn
255423	81135	fn
255337	4125	fn
255333	29407	fn
255327	14954	fn
255465	35800	fn
255467	87211	fn
255196	17381	fn
255191	87211	fn
255198	29407	fn
255262	231912	fn
255178	35800	fn
255179	35800	fn
255243	69523	fn
255290	2908	fn
255298	160851	fn
255224	124835	fn
255292	69523	fn
255236	81135	fn
255231	81135	fn
255273	35800	fn
255203	35800	fn
255208	4125	fn
255288	21529	fn
255207	35800	fn
255205	34795	fn
255157	113937	fn
255116	96374	fn
255113	110208	fn
255065	19082	fn
255092	57739	fn
255176	35800	fn
255128	166949	fn
254938	19817	fn
254991	33449	fn
254978	35800	fn
254986	32299	fn
255011	35800	fn
254948	33449	fn
254956	4125	fn
254915	17381	fn
254893	35800	fn
254894	4125	fn
254810	8310	fn
254920	163860	fn
254689	35800	fn
254774	83322	fn
254744	31017	fn
254743	69523	fn
254741	29491	fn
254664	69523	fn
254717	8121	fn
254699	160110	fn
254765	35800	fn
254768	23755	fn
254767	4125	fn
254646	10274	fn
254645	35800	fn
254649	178772	fn
254626	19817	fn
254546	35800	fn
254512	4125	fn
254514	196654	fn
254593	35800	fn
254630	192335	fn
254631	57739	fn
254575	35800	fn
254577	68529	fn
254579	69523	fn
254506	35800	fn
254584	10144	fn
254587	143408	fn
254616	87212	fn
254641	143408	fn
254566	35800	fn
254496	17381	fn
254492	101573	fn
254498	69286	fn
254417	10008	fn
254426	160851	fn
254441	37488	fn
254440	17381	fn
254445	35800	fn
254501	37702	fn
254503	4125	fn
254433	35800	fn
254415	4125	fn
254468	80775	fn
254453	35800	fn
254454	63750	fn
254360	35800	fn
254362	28095	fn
254365	4125	fn
254271	35800	fn
254382	35800	fn
254380	95938	fn
254287	13335	fn
254384	30947	fn
254283	33449	fn
254376	40761	fn
254301	87270	fn
254306	59601	fn
254348	69523	fn
254349	24286	fn
254346	35800	fn
254344	45849	fn
254341	89098	fn
254391	298	fn
254312	57739	fn
254408	4016	fn
254294	138986	fn
254295	87211	fn
254296	25465	fn
254378	39433	fn
254409	35800	fn
254405	10008	fn
254406	35800	fn
254228	35800	fn
254179	92586	fn
254174	18510	fn
254235	19817	fn
254255	125494	fn
254254	147104	fn
254189	19817	fn
254181	10008	fn
254078	138824	fn
254117	182900	fn
254027	179356	fn
253959	35800	fn
254016	147835	fn
254043	120736	fn
253986	68529	fn
254032	35800	fn
253856	13674	fn
253758	52905	fn
253756	160921	fn
253782	10008	fn
253805	34842	fn
253834	68529	fn
253690	163885	fn
253664	114031	fn
253660	35800	fn
253746	163860	fn
253712	25102	fn
253686	34638	fn
253729	35800	fn
253728	8121	fn
253726	69523	fn
253598	113723	fn
253597	35800	fn
253543	35800	fn
253600	14589	fn
253644	69523	fn
253596	224935	fn
253611	34842	fn
253559	35800	fn
253594	69603	fn
253562	4016	fn
253631	182900	fn
253606	4125	fn
253604	13159	fn
253601	35800	fn
253623	114031	fn
253622	69523	fn
253483	69523	fn
253489	33449	fn
253509	120229	fn
253463	37488	fn
253522	203543	fn
253449	76858	fn
253448	188206	fn
253459	44587	fn
253405	69523	fn
253410	69523	fn
253424	23554	fn
253417	80775	fn
253437	40761	fn
253383	201649	fn
253397	8310	fn
253391	114031	fn
253414	70736	fn
253370	10008	fn
253379	154801	fn
253444	135374	fn
253280	19817	fn
253285	49545	fn
253320	8218	fn
253255	4125	fn
253197	33449	fn
253225	17381	fn
253226	147835	fn
253223	191684	fn
253270	2094	fn
253240	35800	fn
253290	35800	fn
253293	35800	fn
253267	194164	fn
253268	68529	fn
253243	35800	fn
253231	69523	fn
253230	25102	fn
253096	35800	fn
253148	35800	fn
253147	8121	fn
253193	69523	fn
253138	35800	fn
253139	35800	fn
253133	178014	fn
253156	10008	fn
253085	34220	fn
253015	105888	fn
253010	17381	fn
252968	35800	fn
253070	242690	fn
253062	84840	fn
253063	221652	fn
253060	69523	fn
252891	35800	fn
252892	202323	fn
252938	35800	fn
252965	57739	fn
252961	35800	fn
252963	35800	fn
252937	28558	fn
252934	18358	fn
252902	59513	fn
252900	35800	fn
252873	182900	fn
252870	131595	fn
252953	69523	fn
252788	35800	fn
252785	231912	fn
252818	35800	fn
252846	40761	fn
252844	69523	fn
252837	13674	fn
252783	35800	fn
252823	8272	fn
252851	8121	fn
252770	182900	fn
252700	129144	fn
252650	69523	fn
252735	79221	fn
252733	35800	fn
252738	54386	fn
252682	35800	fn
252743	35800	fn
252719	4125	fn
252691	51786	fn
252659	64267	fn
252637	147549	fn
252547	17381	fn
252543	40761	fn
252531	81135	fn
252589	37488	fn
252587	194918	fn
252623	33449	fn
252624	69523	fn
252546	35800	fn
252561	120109	fn
252600	35800	fn
252577	35800	fn
252572	35800	fn
252253	17381	fn
252354	23242	fn
252352	4125	fn
252245	175080	fn
252148	158073	fn
252014	149258	fn
252099	96986	fn
252041	19817	fn
252044	41869	fn
252073	69523	fn
252071	114031	fn
252106	10008	fn
252103	120495	fn
252027	175195	fn
252119	114104	fn
251981	35800	fn
251980	35800	fn
251960	17014	fn
251995	81135	fn
251929	17381	fn
251834	35800	fn
251831	45383	fn
251902	25102	fn
251897	35800	fn
251806	11002	fn
251807	4125	fn
251808	243966	fn
251809	37488	fn
251925	1526	fn
251788	37488	fn
251754	35800	fn
251755	96428	fn
251675	35800	fn
251732	221652	fn
251689	41219	fn
251646	35800	fn
251641	35800	fn
251586	4125	fn
251569	34047	fn
251625	69523	fn
251434	35800	fn
251481	143408	fn
251486	178014	fn
251453	4125	fn
251552	143408	fn
251425	160926	fn
251502	69523	fn
251506	8121	fn
251560	26408	fn
251511	35800	fn
251525	40761	fn
251370	91698	fn
251372	48479	fn
251323	42686	fn
251393	20842	fn
251408	185702	fn
251409	35800	fn
251314	231912	fn
251318	57739	fn
251341	81135	fn
251344	175195	fn
251347	193344	fn
251336	8310	fn
251353	8218	fn
251414	35800	fn
251308	35800	fn
251265	35800	fn
251241	57739	fn
251245	69523	fn
251218	129690	fn
251212	2459	fn
251217	246068	fn
251186	166679	fn
251274	8121	fn
251179	35800	fn
251281	138605	fn
251257	185047	fn
251145	35800	fn
251171	40761	fn
251087	69523	fn
251080	4125	fn
251128	8218	fn
251057	10008	fn
251059	37488	fn
251075	63622	fn
251135	69523	fn
251132	57739	fn
251046	35800	fn
251167	81135	fn
251166	69523	fn
251152	69523	fn
251112	69523	fn
250886	23758	fn
250883	35800	fn
251000	182900	fn
250758	35800	fn
250853	13674	fn
250805	181775	fn
250832	97334	fn
250842	80130	fn
250735	81135	fn
250674	8121	fn
250672	37488	fn
250739	231912	fn
250720	4125	fn
250602	85680	fn
250689	173231	fn
250686	84761	fn
250631	182900	fn
250743	182900	fn
250662	81025	fn
250644	69523	fn
250640	4915	fn
250569	35800	fn
250486	35800	fn
250562	81730	fn
250532	31017	fn
250549	175195	fn
250542	91747	fn
250498	243399	fn
250499	28095	fn
250524	21529	fn
250521	35800	fn
250576	4125	fn
250583	244053	fn
250587	246068	fn
250509	182900	fn
250463	35800	fn
250460	21529	fn
250468	17014	fn
250551	19817	fn
250457	3633	fn
250387	117734	fn
250383	198428	fn
250380	35800	fn
250389	35800	fn
250305	173263	fn
250359	138824	fn
250308	90486	fn
250428	69286	fn
250411	133276	fn
250225	69523	fn
250281	10008	fn
250219	27258	fn
250239	42026	fn
250233	69523	fn
250175	124835	fn
250177	170820	fn
250220	35800	fn
250263	4125	fn
250293	95938	fn
250217	10937	fn
250187	110615	fn
250147	69523	fn
250119	132861	fn
250112	159144	fn
250123	144349	fn
250125	143408	fn
250128	157439	fn
250154	186374	fn
250100	112223	fn
250103	191684	fn
250170	29035	fn
250086	194879	fn
250080	52149	fn
250014	116020	fn
249981	69523	fn
250054	10008	fn
249870	202454	fn
249871	96496	fn
249902	39011	fn
249822	33449	fn
249825	102071	fn
249808	33450	fn
249855	69523	fn
249857	68529	fn
249885	35800	fn
249888	114031	fn
249851	8313	fn
249856	178014	fn
249807	26408	fn
249805	199067	fn
249722	27258	fn
249684	18391	fn
249682	35800	fn
249779	69523	fn
249772	35800	fn
249671	13984	fn
249781	35800	fn
249702	182900	fn
249703	35800	fn
249696	37702	fn
249768	14954	fn
249765	69523	fn
249643	131595	fn
249646	45548	fn
249632	29035	fn
249636	184452	fn
249735	175195	fn
249742	77206	fn
249743	35800	fn
249708	68529	fn
249666	149865	fn
249652	35800	fn
249784	132270	fn
249782	35800	fn
249718	35800	fn
249717	29516	fn
249433	35800	fn
249431	65037	fn
249418	35800	fn
249417	163860	fn
249449	69523	fn
249447	68552	fn
249394	8310	fn
249402	64073	fn
249428	156818	fn
249461	35800	fn
249379	164343	fn
249458	35800	fn
249454	96496	fn
249451	177144	fn
249383	35800	fn
249304	35800	fn
249263	81135	fn
249259	194164	fn
249354	35800	fn
249258	143408	fn
249335	10008	fn
249337	4016	fn
249243	35800	fn
249217	10008	fn
249221	13963	fn
249234	35800	fn
249232	35800	fn
249208	15207	fn
249111	173231	fn
249119	143408	fn
249118	18203	fn
249099	35800	fn
249131	130866	fn
249070	35800	fn
249155	157310	fn
249058	35800	fn
249093	164343	fn
249144	35800	fn
249142	24950	fn
249067	35800	fn
249063	35800	fn
249062	35800	fn
249014	8218	fn
248955	41793	fn
249004	143408	fn
249030	13674	fn
249031	10008	fn
249037	35800	fn
248914	225928	fn
248911	35800	fn
248877	68161	fn
248878	81569	fn
248841	8121	fn
248765	35800	fn
248762	53629	fn
248806	35800	fn
248757	43878	fn
248815	144262	fn
248870	143408	fn
248756	136686	fn
248778	198977	fn
248901	9459	fn
248867	8218	fn
248813	107028	fn
248816	59601	fn
248855	69523	fn
248811	57739	fn
248814	35800	fn
248715	10008	fn
248706	35800	fn
248695	35800	fn
248698	202454	fn
248663	39458	fn
248669	36263	fn
248744	35800	fn
248637	35800	fn
248634	36256	fn
248639	124142	fn
248682	69523	fn
248681	68529	fn
248722	17381	fn
248731	35800	fn
248707	182900	fn
248708	109232	fn
248671	11765	fn
248739	35800	fn
248668	166949	fn
248616	48796	fn
248601	81135	fn
248576	35800	fn
248555	35800	fn
248552	22408	fn
248480	35800	fn
248327	182900	fn
248223	147104	fn
248160	94163	fn
248093	4125	fn
248094	199411	fn
248098	35800	fn
248152	35800	fn
248156	80775	fn
248106	9435	fn
248087	10008	fn
248123	84840	fn
248193	132010	fn
247978	108231	fn
247909	20697	fn
248024	8121	fn
248025	35800	fn
248071	37702	fn
247967	65960	fn
247961	81135	fn
248006	69523	fn
248001	81609	fn
248003	34842	fn
247920	35800	fn
247931	12601	fn
247939	37488	fn
248051	191486	fn
248050	35800	fn
247948	142983	fn
248063	69523	fn
247992	191684	fn
247994	35800	fn
247916	14614	fn
247915	194164	fn
248016	8218	fn
248034	10308	fn
247923	35800	fn
247929	173231	fn
247798	184279	fn
247868	182900	fn
247762	202454	fn
247763	131595	fn
247750	243316	fn
247777	69523	fn
247776	176786	fn
247775	35800	fn
247779	69523	fn
247749	194879	fn
247834	246068	fn
247871	246068	fn
247667	69523	fn
247623	154687	fn
247590	202859	fn
247650	69523	fn
247654	98853	fn
247655	35800	fn
247691	82714	fn
247721	4125	fn
247722	19817	fn
247682	807	fn
247680	10308	fn
247685	231912	fn
247607	143408	fn
247608	193546	fn
247620	246068	fn
247612	35800	fn
247743	40077	fn
247596	35800	fn
247571	35800	fn
247559	81135	fn
247569	246068	fn
247483	198428	fn
247539	35800	fn
247544	35800	fn
247579	85969	fn
247519	4125	fn
247512	35800	fn
247490	162395	fn
247522	246509	fn
247523	8310	fn
247528	11037	fn
247551	902	fn
247481	1526	fn
247577	246068	fn
247485	13767	fn
247582	35800	fn
247465	35800	fn
247472	34719	fn
247457	35800	fn
247451	164343	fn
247474	39458	fn
247375	10008	fn
247423	68529	fn
247374	69523	fn
247387	8121	fn
247415	69523	fn
247437	16456	fn
247438	35800	fn
247439	243502	fn
247373	19817	fn
247444	4125	fn
247449	56595	fn
247345	69523	fn
247269	35800	fn
247312	68529	fn
247265	76543	fn
247298	35800	fn
247292	33449	fn
247293	35800	fn
247294	4125	fn
247295	8310	fn
247191	27441	fn
247139	35778	fn
247225	29035	fn
247226	35800	fn
247137	133845	fn
247154	4125	fn
247152	39322	fn
247150	10008	fn
247054	65049	fn
247058	19817	fn
247059	136682	fn
247085	13767	fn
247007	69523	fn
247006	35800	fn
246990	35800	fn
246995	16208	fn
247092	35800	fn
247016	17381	fn
247040	164341	fn
247045	180058	fn
247038	191097	fn
247104	144262	fn
246985	4125	fn
246908	247649	fn
246879	91698	fn
246932	5763	fn
246966	108188	fn
246680	170177	fn
246657	19817	fn
246705	143408	fn
246704	175215	fn
246642	69523	fn
246697	35800	fn
246756	35800	fn
246605	35800	fn
246597	143408	fn
246591	8121	fn
246598	10008	fn
246546	106918	fn
246576	69523	fn
246575	35800	fn
246572	131522	fn
246571	173585	fn
246542	145243	fn
246602	59601	fn
246556	29035	fn
246611	69523	fn
246610	48229	fn
246630	33788	fn
246623	247649	fn
246621	8121	fn
246589	70103	fn
246534	40949	fn
246468	4125	fn
246469	198428	fn
246431	114031	fn
246467	69523	fn
246482	97330	fn
246486	188206	fn
246440	35800	fn
246525	138402	fn
246479	182900	fn
246283	10008	fn
246363	35800	fn
246354	10008	fn
246318	136801	fn
246312	164343	fn
246335	69523	fn
246320	247649	fn
246328	10008	fn
246348	81135	fn
246277	69523	fn
246273	48229	fn
246308	164341	fn
246392	182900	fn
246336	176663	fn
246201	69523	fn
246250	246068	fn
246144	35800	fn
246110	35800	fn
246114	81135	fn
246156	20769	fn
246159	10308	fn
246210	96313	fn
246216	35800	fn
246125	119528	fn
246220	87401	fn
246227	415	fn
246134	52175	fn
246138	19817	fn
246139	37488	fn
246199	35800	fn
246166	10008	fn
246098	69523	fn
246013	35800	fn
246030	51786	fn
245972	69523	fn
245976	35800	fn
246003	35800	fn
246008	35800	fn
246059	13767	fn
246088	35800	fn
245995	10274	fn
246105	35800	fn
246104	4125	fn
246071	69523	fn
246076	10008	fn
246075	35800	fn
246074	35800	fn
245850	109080	fn
245929	116101	fn
245884	112223	fn
245881	40077	fn
245835	8313	fn
245832	124835	fn
245839	68529	fn
245898	182900	fn
245903	35800	fn
245843	35800	fn
245935	35800	fn
245609	10008	fn
245580	196729	fn
245550	35800	fn
245552	244053	fn
245528	35800	fn
245618	35800	fn
245573	35800	fn
245570	242690	fn
245542	124142	fn
245644	35800	fn
245640	198428	fn
245643	191563	fn
245653	35800	fn
245505	4125	fn
245428	179356	fn
245394	35800	fn
245489	35800	fn
245483	246068	fn
245482	35800	fn
245486	35800	fn
245439	35800	fn
245430	69523	fn
245348	35800	fn
245290	69286	fn
245318	35800	fn
245283	35800	fn
245245	8310	fn
245271	243502	fn
245320	35800	fn
245232	69523	fn
245234	182900	fn
245237	182900	fn
245239	35800	fn
245313	4125	fn
245322	160630	fn
245310	185977	fn
245308	35800	fn
245301	80775	fn
245366	203543	fn
245257	35800	fn
245104	10008	fn
245223	81135	fn
245221	34169	fn
245200	35800	fn
245072	10008	fn
245134	29035	fn
245124	227734	fn
245087	137386	fn
245082	69523	fn
245080	8121	fn
245100	35800	fn
245176	114031	fn
245203	247649	fn
245048	10308	fn
244984	35800	fn
244975	35418	fn
245045	166949	fn
245038	35800	fn
244929	52896	fn
245052	242690	fn
244857	35800	fn
244754	129607	fn
244759	81135	fn
244871	35800	fn
244864	114031	fn
244865	35800	fn
244908	4125	fn
244781	35800	fn
244842	35418	fn
244843	35800	fn
244788	112223	fn
244891	120709	fn
244751	35800	fn
244910	246068	fn
244917	162395	fn
244798	35800	fn
244795	243966	fn
244828	35800	fn
244829	1526	fn
244797	64267	fn
244606	35800	fn
244630	93291	fn
244689	35800	fn
244665	82714	fn
244677	114031	fn
244676	35800	fn
244732	164341	fn
244604	35800	fn
244613	87258	fn
244619	68529	fn
244690	35800	fn
244711	10008	fn
244712	14625	fn
244552	35800	fn
244553	35800	fn
244555	17381	fn
244433	35800	fn
244432	8218	fn
244434	57739	fn
244537	192639	fn
244411	35800	fn
244443	243502	fn
244516	17381	fn
244426	242690	fn
244479	157310	fn
244538	11765	fn
244539	111900	fn
244531	37702	fn
244400	201649	fn
244401	35800	fn
244403	47155	fn
244480	114031	fn
244288	23758	fn
244352	63622	fn
244294	177784	fn
244146	242690	fn
244122	79221	fn
244248	35800	fn
244065	37702	fn
243922	66487	fn
243964	35800	fn
244013	165826	fn
244011	35800	fn
244092	243399	fn
243950	35800	fn
244027	13984	fn
244087	102707	fn
243945	133386	fn
244045	207989	fn
243913	223916	fn
244050	243502	fn
243910	242767	fn
243892	35800	fn
243891	35800	fn
243753	69523	fn
243757	8121	fn
243864	96313	fn
243862	246068	fn
243746	35800	fn
243850	23817	fn
243858	35800	fn
243859	194451	fn
243828	246068	fn
243783	17014	fn
243809	182900	fn
243805	35800	fn
243882	35800	fn
243735	173231	fn
243731	4016	fn
243847	35800	fn
243820	32299	fn
243808	29123	fn
243636	35800	fn
243584	243966	fn
243586	35800	fn
243462	37694	fn
243557	1526	fn
243555	69523	fn
243552	158993	fn
243402	35800	fn
243484	10008	fn
243567	29407	fn
243526	35800	fn
243562	242690	fn
243475	36422	fn
243497	182900	fn
243220	57739	fn
243311	12000	fn
243359	30340	fn
243324	10008	fn
243320	69523	fn
243322	153630	fn
243357	80130	fn
243256	35800	fn
243259	35800	fn
243309	35800	fn
243289	35800	fn
243282	159553	fn
243375	4125	fn
243370	114031	fn
243234	35800	fn
243340	70801	fn
243264	231912	fn
243262	19817	fn
243214	8859	fn
243366	173231	fn
243268	79221	fn
243333	160851	fn
243339	35800	fn
243271	87211	fn
243209	115087	fn
243079	243316	fn
243074	35800	fn
243029	8313	fn
243025	164343	fn
243066	69523	fn
243060	35800	fn
243152	35800	fn
243058	69523	fn
243053	242690	fn
243160	243883	fn
243089	37314	fn
243080	69523	fn
243158	212036	fn
243044	69523	fn
243206	158874	fn
243017	124142	fn
242931	241785	fn
242915	35800	fn
242972	207989	fn
242942	92713	fn
243007	31017	fn
242717	113559	fn
242688	41793	fn
242751	4125	fn
242732	80775	fn
242798	79252	fn
242790	35800	fn
242707	35800	fn
242832	19817	fn
242667	239949	fn
242572	178014	fn
242578	10308	fn
242593	202454	fn
242658	4016	fn
242621	35800	fn
242552	35800	fn
242657	94923	fn
242663	8859	fn
242617	10308	fn
242444	28101	fn
242449	56083	fn
242474	17381	fn
242491	27186	fn
242510	29238	fn
242528	114031	fn
242527	95854	fn
242465	35800	fn
242543	69523	fn
242547	247649	fn
242340	10008	fn
242349	44587	fn
242363	35800	fn
242369	35800	fn
242400	2094	fn
242352	155340	fn
242351	18887	fn
242266	173452	fn
242303	190943	fn
242307	198428	fn
242306	68529	fn
242309	35800	fn
242245	4016	fn
242247	144262	fn
242291	193040	fn
242290	152887	fn
242312	200828	fn
242294	34047	fn
242292	69523	fn
242300	25102	fn
242278	167416	fn
242131	10008	fn
242198	199559	fn
242193	8346	fn
242127	35800	fn
242208	92713	fn
242031	35800	fn
242036	35800	fn
242034	182900	fn
242084	182900	fn
242089	114031	fn
242083	24640	fn
242103	44587	fn
242100	69523	fn
242071	182557	fn
242052	134132	fn
242045	37314	fn
242048	192359	fn
242094	10008	fn
242099	35800	fn
242112	145711	fn
242098	10008	fn
242051	163488	fn
241982	35800	fn
241988	57739	fn
241956	37314	fn
241968	116670	fn
241910	1526	fn
241914	35800	fn
241868	57739	fn
241816	148045	fn
241812	35800	fn
241840	35800	fn
241778	35800	fn
241799	35800	fn
241728	182900	fn
241726	29035	fn
241709	16208	fn
241664	184681	fn
241638	49399	fn
241632	30618	fn
241655	152372	fn
241688	35800	fn
241607	10008	fn
241601	16563	fn
241675	12411	fn
241622	135532	fn
241713	173231	fn
241694	35800	fn
241549	30618	fn
241543	25465	fn
241547	79221	fn
241515	35800	fn
241596	70736	fn
241494	35800	fn
241536	21444	fn
241535	159369	fn
241506	29035	fn
241507	70736	fn
241502	182900	fn
241508	18391	fn
241509	35800	fn
241585	69523	fn
241525	8121	fn
241540	35800	fn
241437	227734	fn
241435	91643	fn
241489	146091	fn
241411	185834	fn
241468	35800	fn
241460	8218	fn
241466	20842	fn
241449	13674	fn
241430	34842	fn
241476	35800	fn
241425	21696	fn
241420	54333	fn
241374	131390	fn
241401	343	fn
241388	10008	fn
241385	61587	fn
241358	37702	fn
241366	170185	fn
241395	57739	fn
241247	143408	fn
241219	35800	fn
241212	79252	fn
241292	8218	fn
241222	392	fn
241243	35800	fn
241300	4125	fn
241199	52149	fn
241256	114031	fn
241251	81135	fn
241296	69523	fn
241295	67914	fn
241213	44470	fn
241270	57739	fn
241276	30618	fn
241082	227734	fn
241119	35800	fn
241096	11819	fn
241097	57739	fn
241168	182900	fn
241167	33449	fn
241133	35800	fn
241074	42026	fn
241078	69523	fn
241184	12652	fn
241163	152484	fn
241100	201343	fn
241055	45548	fn
240977	212036	fn
240929	32299	fn
240930	178230	fn
240935	159369	fn
241019	102694	fn
241015	81135	fn
241016	35800	fn
241010	12411	fn
241050	161112	fn
241026	87525	fn
241048	161112	fn
241028	8310	fn
241029	103448	fn
240987	203112	fn
240986	17381	fn
240983	57739	fn
240962	188716	fn
240894	35800	fn
240918	2459	fn
240895	17381	fn
240843	19817	fn
240846	80130	fn
240847	60828	fn
240823	159911	fn
240820	35800	fn
240807	33449	fn
240833	196833	fn
240881	79252	fn
240854	33449	fn
240859	35800	fn
240906	12000	fn
240781	93071	fn
240731	31017	fn
240727	19817	fn
240796	35800	fn
240804	8310	fn
240745	8859	fn
240782	177011	fn
240628	4125	fn
240707	4125	fn
240705	35800	fn
240676	35800	fn
240640	199067	fn
240641	114031	fn
240693	37697	fn
240695	10008	fn
240697	10008	fn
240669	84689	fn
240667	35800	fn
240631	143408	fn
240568	17381	fn
240583	37314	fn
240529	9435	fn
240562	10937	fn
240572	35800	fn
240579	201343	fn
240386	35800	fn
240441	144488	fn
240417	114031	fn
240389	79221	fn
240470	45653	fn
240409	4125	fn
240399	35800	fn
240393	79221	fn
240422	144488	fn
240453	35800	fn
240462	1526	fn
240431	10008	fn
240272	8121	fn
240282	57739	fn
240283	35800	fn
240135	114031	fn
240086	118818	fn
240161	194879	fn
240148	70736	fn
240106	173164	fn
240067	3639	fn
240011	173231	fn
240015	10008	fn
239992	35800	fn
240009	59601	fn
240059	202454	fn
240053	127588	fn
240035	97334	fn
239985	81135	fn
239987	10937	fn
240064	35800	fn
239975	191097	fn
239978	35800	fn
239927	35546	fn
239923	144488	fn
239960	124835	fn
239912	10008	fn
239895	114031	fn
239898	47468	fn
239941	22308	fn
239932	35800	fn
239909	110010	fn
239962	59601	fn
239968	31017	fn
239885	57739	fn
239888	33449	fn
239944	35800	fn
239878	35800	fn
239957	177035	fn
239899	69523	fn
239854	92713	fn
239851	14546	fn
239831	35800	fn
239838	107855	fn
239787	80775	fn
239811	144262	fn
239815	69523	fn
239814	29035	fn
239735	29035	fn
239820	35800	fn
239821	33450	fn
239827	207989	fn
239828	35800	fn
239768	203543	fn
239764	35800	fn
239763	114031	fn
239832	35800	fn
239835	96496	fn
239777	37702	fn
239738	14589	fn
239688	93071	fn
239716	84840	fn
239661	52128	fn
239629	8218	fn
239670	64073	fn
239607	14589	fn
239609	178032	fn
239527	81135	fn
239511	32194	fn
239545	35800	fn
239543	35800	fn
239560	69523	fn
239613	40761	fn
239617	81135	fn
239566	35800	fn
239493	69523	fn
239498	54001	fn
239583	35800	fn
239573	35800	fn
239397	35800	fn
239457	80775	fn
239455	119528	fn
239458	35800	fn
239391	57626	fn
239339	192640	fn
239343	182900	fn
239370	182900	fn
239309	35800	fn
239326	10937	fn
239321	35800	fn
239323	69523	fn
239345	29035	fn
239229	85707	fn
239271	72567	fn
239274	19817	fn
239248	113559	fn
239217	23810	fn
239293	65049	fn
239267	37702	fn
239261	35800	fn
239230	57739	fn
239216	35800	fn
239204	35800	fn
239286	35800	fn
239272	35800	fn
239259	198994	fn
239251	76858	fn
239254	136183	fn
239123	10937	fn
239121	182900	fn
239129	86134	fn
239190	35800	fn
239191	35800	fn
239146	136529	fn
239136	35800	fn
239160	8218	fn
239166	64267	fn
239164	1030	fn
239169	13335	fn
239010	4125	fn
239016	35800	fn
239011	14171	fn
239015	57739	fn
238991	69523	fn
238995	183829	fn
238879	37488	fn
238876	8310	fn
238867	120654	fn
238917	92713	fn
238916	124265	fn
238900	35800	fn
238897	57739	fn
238884	81135	fn
238932	35800	fn
238931	145370	fn
238821	14589	fn
238825	12368	fn
238850	79252	fn
238851	92713	fn
238789	35800	fn
238784	29035	fn
238783	225928	fn
238754	80775	fn
238767	69523	fn
238849	96313	fn
238845	8121	fn
238790	48796	fn
238795	35800	fn
238757	69523	fn
238652	35800	fn
238656	69286	fn
238739	42555	fn
238736	113559	fn
238675	10008	fn
238743	117746	fn
238748	34719	fn
238646	35800	fn
238714	35800	fn
238693	1526	fn
238698	193820	fn
238593	12601	fn
238542	169142	fn
238633	194164	fn
238625	21038	fn
238528	151078	fn
238613	69523	fn
238487	69523	fn
238432	81135	fn
238430	35800	fn
238460	118709	fn
238467	10008	fn
238499	182900	fn
238324	35800	fn
238417	181752	fn
238302	35800	fn
238380	35800	fn
238350	35800	fn
238357	81135	fn
238312	170820	fn
238389	92713	fn
238335	35800	fn
238343	17381	fn
238349	92096	fn
238232	128054	fn
238300	14589	fn
238265	59601	fn
238256	35800	fn
238258	10008	fn
238207	35800	fn
238281	173452	fn
238280	182900	fn
238283	164594	fn
238271	18270	fn
238226	35800	fn
238155	81135	fn
238157	35762	fn
238153	81135	fn
238124	113559	fn
238087	35800	fn
238173	19203	fn
238093	67564	fn
238145	17014	fn
238193	69523	fn
238194	10008	fn
238103	87211	fn
238106	149598	fn
238105	17381	fn
238091	113559	fn
238000	4125	fn
237969	35800	fn
238008	35800	fn
237998	84499	fn
237999	69523	fn
237990	17381	fn
238035	69523	fn
238009	198428	fn
237984	145223	fn
237945	110682	fn
237914	182900	fn
237916	19817	fn
237647	35800	fn
237650	35800	fn
237724	92713	fn
237629	143408	fn
237625	161439	fn
237623	113559	fn
237707	57739	fn
237633	17381	fn
237661	35800	fn
237697	2459	fn
237611	35800	fn
237538	69523	fn
237531	33788	fn
237560	13674	fn
237603	35800	fn
237605	4125	fn
237397	113559	fn
237395	109381	fn
237107	42026	fn
237094	14589	fn
237091	175195	fn
237099	8121	fn
237208	27258	fn
237200	91858	fn
237190	37488	fn
237113	10008	fn
237172	79252	fn
237183	124265	fn
237129	35800	fn
237125	27441	fn
237126	35800	fn
237088	224161	fn
237054	179356	fn
237067	113559	fn
236988	35800	fn
236987	35800	fn
237026	65049	fn
236713	33450	fn
236616	80480	fn
236692	69523	fn
236694	97330	fn
236642	69523	fn
236718	35800	fn
236676	8121	fn
236672	35800	fn
236747	35800	fn
236689	35800	fn
236684	67914	fn
236527	22393	fn
236588	173263	fn
236589	146046	fn
236592	73722	fn
236559	29035	fn
236555	80775	fn
236549	164341	fn
236560	52722	fn
236568	35800	fn
236531	108903	fn
236515	59601	fn
236512	35800	fn
236473	34842	fn
236475	182900	fn
236304	36839	fn
236323	194330	fn
236170	185205	fn
236184	40761	fn
236180	33720	fn
236218	171994	fn
236244	35800	fn
236059	143408	fn
236056	37046	fn
236057	35800	fn
236054	35800	fn
236088	219926	fn
236060	35800	fn
236153	176667	fn
236140	2094	fn
236091	37697	fn
236115	80775	fn
236114	164343	fn
235944	49545	fn
236022	37702	fn
236017	51270	fn
236014	35800	fn
236013	164343	fn
236019	212036	fn
235937	113559	fn
235909	91752	fn
235900	35800	fn
235842	125494	fn
235926	10805	fn
235896	182900	fn
235895	35800	fn
235919	35800	fn
235911	7785	fn
235897	169352	fn
235879	42026	fn
235874	69523	fn
235932	69523	fn
235880	37488	fn
235884	35800	fn
235782	114031	fn
235556	69523	fn
235574	165923	fn
235528	35800	fn
235519	84840	fn
235568	231912	fn
235490	10008	fn
235494	93566	fn
235545	144262	fn
235534	37702	fn
235538	57739	fn
235478	13335	fn
235477	53098	fn
235402	182900	fn
235420	69523	fn
235421	35800	fn
235424	35800	fn
235425	224421	fn
235383	35800	fn
235381	85680	fn
235380	113559	fn
235332	69523	fn
235337	1526	fn
235363	143408	fn
235367	35800	fn
235314	190486	fn
235347	113559	fn
234240	143408	fn
234205	69523	fn
234165	76858	fn
234166	4612	fn
234161	35800	fn
233943	107028	fn
233941	4125	fn
233812	35800	fn
233678	141724	fn
233623	28199	fn
233688	101762	fn
233654	159828	fn
233666	35400	fn
233660	164983	fn
233661	133544	fn
233668	129933	fn
233704	173263	fn
233707	29516	fn
233599	138423	fn
233579	35800	fn
233533	81135	fn
233604	192640	fn
233524	35800	fn
233308	37488	fn
233385	69523	fn
233320	35800	fn
233174	25465	fn
233171	69523	fn
233178	188206	fn
233246	69523	fn
233217	114031	fn
233213	138402	fn
233212	145813	fn
233227	182900	fn
233190	9435	fn
233199	35800	fn
233261	69523	fn
233266	182900	fn
233030	87211	fn
233035	57739	fn
233083	35800	fn
233063	81135	fn
233050	92701	fn
233052	69523	fn
233109	176786	fn
233103	8346	fn
233101	164343	fn
233072	61562	fn
233042	59601	fn
233056	37702	fn
233098	227734	fn
233090	57739	fn
233112	35800	fn
233070	35800	fn
233000	35800	fn
232976	29035	fn
232986	174663	fn
232988	14546	fn
232957	143408	fn
232956	178032	fn
232954	33449	fn
232968	79221	fn
232804	57739	fn
232867	164524	fn
232879	35800	fn
232871	231912	fn
232649	10008	fn
232625	68529	fn
232559	175195	fn
232546	40761	fn
232529	194164	fn
232526	69523	fn
232444	8218	fn
232446	59601	fn
232430	35800	fn
232435	69523	fn
232438	225928	fn
232471	59053	fn
232421	54515	fn
232497	35800	fn
232495	35800	fn
232266	59270	fn
232270	176420	fn
232281	1526	fn
232344	12682	fn
232340	224421	fn
232357	12601	fn
232264	201756	fn
232267	224377	fn
232297	110615	fn
232293	69523	fn
232205	17381	fn
232250	35800	fn
232254	68529	fn
232132	147835	fn
232146	69523	fn
232015	35800	fn
232093	162116	fn
232060	35800	fn
232031	175195	fn
232052	196729	fn
232101	4843	fn
232018	35800	fn
232019	35800	fn
232007	114031	fn
232073	162395	fn
232084	120605	fn
232089	79371	fn
231994	35800	fn
231951	68529	fn
231958	64267	fn
231877	35800	fn
231855	120357	fn
231827	57739	fn
231864	17381	fn
231863	35800	fn
231846	10008	fn
231847	4016	fn
231812	198428	fn
231811	114031	fn
231723	35800	fn
231652	4125	fn
231724	193040	fn
231751	82358	fn
231746	35800	fn
231743	35800	fn
231741	114031	fn
231700	12411	fn
231674	10008	fn
231732	71293	fn
231734	35800	fn
231640	35800	fn
231582	80775	fn
231586	89098	fn
231508	201649	fn
231448	35800	fn
231447	10937	fn
231536	35800	fn
231523	8859	fn
231527	35800	fn
231526	96496	fn
231535	81135	fn
231517	63622	fn
231501	10008	fn
231543	44587	fn
231402	31017	fn
231428	4125	fn
231434	194979	fn
231431	80279	fn
231240	21593	fn
231241	10008	fn
231323	10008	fn
231295	131250	fn
231239	1526	fn
231317	57739	fn
231284	35800	fn
231326	10774	fn
231162	81135	fn
231166	17381	fn
231154	40761	fn
231142	85230	fn
231147	67564	fn
231159	35800	fn
231132	35800	fn
231058	197708	fn
231031	107838	fn
231032	35800	fn
231037	157439	fn
230961	35800	fn
230937	118709	fn
230878	147311	fn
230874	93648	fn
230981	4125	fn
230987	163885	fn
230984	199189	fn
230900	199223	fn
230907	137324	fn
230954	64267	fn
230956	35800	fn
230952	57739	fn
230911	175195	fn
230633	133338	fn
230639	69523	fn
230520	35800	fn
230568	56494	fn
230570	35800	fn
230436	4125	fn
230400	126909	fn
230409	35800	fn
230433	198428	fn
230431	87353	fn
230466	10008	fn
230469	69523	fn
230446	35800	fn
230473	7167	fn
230450	96496	fn
230451	41219	fn
230421	17381	fn
230441	23817	fn
230440	111900	fn
230375	54720	fn
230374	69523	fn
230454	182900	fn
230387	164343	fn
230359	175195	fn
230351	35800	fn
230354	112223	fn
230304	157283	fn
230278	8310	fn
230276	174332	fn
230346	24543	fn
230313	37488	fn
230292	41966	fn
230361	35800	fn
230366	51270	fn
230328	35800	fn
230326	145939	fn
230322	35800	fn
229952	114031	fn
229954	169632	fn
229963	13674	fn
230007	81135	fn
229981	199067	fn
229940	191486	fn
229943	17014	fn
229860	25465	fn
229857	198428	fn
229887	113723	fn
229859	166156	fn
229797	4125	fn
229808	35800	fn
229805	181720	fn
229772	84840	fn
229771	39322	fn
229881	164341	fn
229767	87211	fn
229877	35800	fn
229827	117588	fn
229785	8310	fn
229818	164343	fn
229635	10805	fn
229630	108231	fn
229577	166437	fn
229570	40077	fn
229626	109116	fn
229580	115930	fn
229582	68529	fn
229588	35800	fn
229618	35800	fn
229688	69523	fn
229727	166949	fn
229676	40644	fn
229666	168570	fn
229669	69523	fn
229708	35800	fn
229703	80775	fn
229700	115352	fn
229609	35800	fn
229697	35800	fn
229501	35800	fn
229464	35800	fn
229542	20973	fn
229495	41219	fn
229338	35800	fn
229424	80775	fn
229302	87353	fn
229304	138402	fn
229417	35800	fn
229419	69523	fn
229355	69523	fn
229365	17381	fn
229281	93648	fn
229230	35800	fn
229170	14625	fn
229172	164341	fn
229127	121731	fn
229124	35800	fn
229017	35800	fn
229061	37702	fn
229060	92713	fn
229059	35800	fn
229054	146362	fn
229051	188494	fn
229087	35800	fn
229007	96496	fn
229006	35800	fn
229139	35800	fn
228918	198428	fn
228919	67654	fn
228904	1526	fn
228974	151547	fn
229001	35800	fn
228924	115930	fn
228957	117744	fn
228835	35800	fn
228782	35800	fn
228830	40761	fn
228887	4605	fn
228885	35800	fn
228805	35800	fn
228784	37488	fn
228795	146161	fn
228790	10008	fn
228836	121828	fn
228707	12601	fn
228615	68529	fn
228589	35800	fn
228583	44587	fn
228623	23440	fn
228626	35800	fn
228569	35800	fn
228568	35800	fn
228603	35800	fn
228587	157380	fn
228595	37488	fn
228598	37702	fn
228590	114031	fn
228584	193040	fn
228411	194237	fn
228510	141788	fn
228516	143408	fn
228417	33449	fn
228469	33450	fn
228461	69523	fn
228463	8310	fn
228502	19817	fn
228501	35800	fn
228356	69523	fn
228311	35800	fn
228265	2459	fn
228383	69523	fn
228309	1526	fn
228308	66267	fn
228371	130744	fn
228376	35800	fn
228395	35800	fn
228378	9435	fn
228283	35800	fn
228248	200833	fn
228154	35800	fn
228217	107972	fn
228189	69523	fn
228138	151425	fn
228161	138468	fn
228208	10008	fn
228204	306	fn
228168	182900	fn
228198	17381	fn
228253	160685	fn
228149	35800	fn
228145	35800	fn
228226	80775	fn
228173	92096	fn
228058	35800	fn
228020	108188	fn
228028	86619	fn
228100	184544	fn
228108	29487	fn
228061	69523	fn
228033	37488	fn
228123	12661	fn
228125	173025	fn
227981	37702	fn
227906	35800	fn
227901	844	fn
227950	19817	fn
227858	35800	fn
227942	41581	fn
227855	65236	fn
227863	12000	fn
227862	35800	fn
227864	182900	fn
227918	35800	fn
227915	34842	fn
227936	35800	fn
227876	175195	fn
227893	35800	fn
227822	35800	fn
227799	37488	fn
227774	19082	fn
227788	2459	fn
227750	35800	fn
227712	35800	fn
227617	35800	fn
227668	35800	fn
227661	100220	fn
227654	102694	fn
227650	191684	fn
227694	102569	fn
227601	131469	fn
227603	116049	fn
227607	40761	fn
227687	35800	fn
227672	35800	fn
227670	70362	fn
227629	57739	fn
227515	35800	fn
227568	35800	fn
227561	69523	fn
227563	35800	fn
227531	35800	fn
227537	21664	fn
227580	182900	fn
227504	161243	fn
227456	182900	fn
227457	35800	fn
227461	8121	fn
227462	35800	fn
227453	8218	fn
227491	84840	fn
227213	35800	fn
227084	69523	fn
227174	80775	fn
227111	115325	fn
227180	81135	fn
227172	69523	fn
227073	33899	fn
227129	50828	fn
226976	29035	fn
227004	44587	fn
227030	8310	fn
227039	135374	fn
226920	174548	fn
226973	69523	fn
227062	10008	fn
226898	35800	fn
226915	68529	fn
226995	2459	fn
227018	35800	fn
226947	35800	fn
226965	69523	fn
227026	35800	fn
226980	69523	fn
226908	37488	fn
226901	182900	fn
226696	35800	fn
226747	194164	fn
226746	114031	fn
226784	35800	fn
226693	68529	fn
226699	114031	fn
226795	35800	fn
226866	21593	fn
226622	35800	fn
226594	24950	fn
226544	179946	fn
226547	33449	fn
226532	188457	fn
226642	24950	fn
226641	48796	fn
226645	141920	fn
226648	35800	fn
226569	124142	fn
226535	35800	fn
226619	35800	fn
226612	35800	fn
226574	1526	fn
226575	1526	fn
226438	19817	fn
226513	69523	fn
226468	17381	fn
226496	4125	fn
226441	4125	fn
226348	39011	fn
226363	35800	fn
226278	82714	fn
226331	64073	fn
226337	173231	fn
226347	148969	fn
226157	20394	fn
226192	143408	fn
226229	10008	fn
226116	226104	fn
226115	81135	fn
226145	19857	fn
226141	160110	fn
226055	185205	fn
226067	35800	fn
225985	8218	fn
225961	8121	fn
226081	93566	fn
225970	35800	fn
226014	80130	fn
225968	17381	fn
226085	68529	fn
226087	69523	fn
225997	118459	fn
225895	4125	fn
225868	43017	fn
225856	35800	fn
225942	35800	fn
225813	194164	fn
225738	189674	fn
225703	159674	fn
225757	35800	fn
225692	182900	fn
225752	194164	fn
225749	22496	fn
225580	80775	fn
225616	164343	fn
225618	35800	fn
225559	4125	fn
225560	198428	fn
225565	20064	fn
225677	224914	fn
225678	35800	fn
225557	124660	fn
225629	35800	fn
225628	69523	fn
225622	21817	fn
225529	10144	fn
225527	69523	fn
225525	183703	fn
225317	57739	fn
225431	35800	fn
225364	93959	fn
225399	8218	fn
225389	44587	fn
225350	73380	fn
225410	35800	fn
225417	90363	fn
225419	182900	fn
225373	115414	fn
225370	35800	fn
225413	193546	fn
225342	10308	fn
225392	168698	fn
225312	17381	fn
225296	19015	fn
225215	16207	fn
225217	186015	fn
225305	75018	fn
225224	35800	fn
225227	35800	fn
225221	34047	fn
225207	35800	fn
225206	4125	fn
225234	17381	fn
225260	126494	fn
225180	35800	fn
225042	137996	fn
225157	231912	fn
225160	35800	fn
225073	35800	fn
225083	95938	fn
225140	114031	fn
225147	35800	fn
225041	8310	fn
225127	92096	fn
225124	87211	fn
225128	124835	fn
225031	35418	fn
225136	35800	fn
224948	35800	fn
224973	150793	fn
225009	35800	fn
224934	222843	fn
224928	130744	fn
224873	231912	fn
224937	91752	fn
224931	69523	fn
224962	212036	fn
224857	10008	fn
224856	10008	fn
224866	35800	fn
224862	44587	fn
224737	17381	fn
224747	11765	fn
224743	202454	fn
224738	87401	fn
224807	35800	fn
224822	35800	fn
224782	178014	fn
224786	72487	fn
224701	56083	fn
224846	114031	fn
224726	196738	fn
224725	37488	fn
224692	35800	fn
224690	19817	fn
224814	79252	fn
224818	89212	fn
224798	69523	fn
224796	114031	fn
224455	1526	fn
224454	227734	fn
224474	84840	fn
224424	35800	fn
224479	35800	fn
224478	35800	fn
224504	35800	fn
224527	96313	fn
224318	144262	fn
224352	87372	fn
224351	126019	fn
224397	19817	fn
224394	35800	fn
224373	35800	fn
224395	37488	fn
224340	69523	fn
224344	20842	fn
224332	35800	fn
224334	156685	fn
224236	69286	fn
224287	69523	fn
224140	35800	fn
224233	37702	fn
224174	37488	fn
224282	178772	fn
224106	69523	fn
224042	35800	fn
224043	183496	fn
223968	80775	fn
224095	35800	fn
224123	35800	fn
224027	31835	fn
223946	69523	fn
223941	22114	fn
224069	95716	fn
224109	69523	fn
223811	131218	fn
223841	143408	fn
223901	35800	fn
223906	121828	fn
223905	209347	fn
223826	34842	fn
223828	24565	fn
223879	231912	fn
223902	69523	fn
223709	35800	fn
223702	37488	fn
223765	37314	fn
223760	35800	fn
223771	35800	fn
223622	173025	fn
223696	18391	fn
223692	148045	fn
223693	69523	fn
223581	141531	fn
223630	79221	fn
223624	24950	fn
223661	35800	fn
223657	35800	fn
223689	35800	fn
223683	4125	fn
223576	69523	fn
223575	35800	fn
223611	151902	fn
223674	182900	fn
223676	143408	fn
223671	35800	fn
223538	138986	fn
223476	79640	fn
223493	35800	fn
223502	10008	fn
223554	35800	fn
223569	136060	fn
223540	147104	fn
223328	114031	fn
223322	35800	fn
223320	92134	fn
223184	35800	fn
223051	35800	fn
223192	102139	fn
223144	95824	fn
223143	35800	fn
223060	188206	fn
223063	37488	fn
223069	35800	fn
223118	35800	fn
223112	107028	fn
223128	35800	fn
223195	23932	fn
223194	8121	fn
223092	69523	fn
223160	67564	fn
223162	39011	fn
222935	33449	fn
223027	52602	fn
222905	81135	fn
222979	35800	fn
222970	59053	fn
222973	39322	fn
223002	174332	fn
223000	35800	fn
223006	118709	fn
222927	81135	fn
222926	35800	fn
223033	190455	fn
223036	35800	fn
222896	35800	fn
222784	69523	fn
222822	35800	fn
222691	35800	fn
222692	82714	fn
222716	35800	fn
222713	113090	fn
222799	22308	fn
222792	196654	fn
222559	26408	fn
222592	96496	fn
222590	198689	fn
222626	35800	fn
222620	199411	fn
222622	4016	fn
222629	65049	fn
222578	178014	fn
222618	25102	fn
222567	10008	fn
222660	19817	fn
222462	67564	fn
222467	35800	fn
222506	37702	fn
222437	35800	fn
222521	8121	fn
222490	35800	fn
222414	35800	fn
222413	35800	fn
222517	69523	fn
222514	96496	fn
222299	69523	fn
222392	182900	fn
222395	41793	fn
222398	96496	fn
222407	175195	fn
222380	69523	fn
222368	35800	fn
222307	80775	fn
222159	35800	fn
222158	71262	fn
222181	35800	fn
222073	52896	fn
222003	35800	fn
222048	199067	fn
222040	35800	fn
222041	69523	fn
222092	69523	fn
222095	69523	fn
222094	35800	fn
222105	144262	fn
222109	35800	fn
222108	35800	fn
222026	19817	fn
221988	106261	fn
221989	4125	fn
221869	210104	fn
221868	78916	fn
221953	69523	fn
221859	35800	fn
221894	202859	fn
221919	33449	fn
221925	69523	fn
221810	35800	fn
221735	35800	fn
221730	135959	fn
221687	35800	fn
221680	182900	fn
221809	35800	fn
221808	35800	fn
221773	69523	fn
221771	37488	fn
221775	8121	fn
221774	169739	fn
221748	69523	fn
221743	35800	fn
221746	136529	fn
221720	135959	fn
221564	35800	fn
221588	51786	fn
221624	57739	fn
221621	69523	fn
221622	91695	fn
221629	35800	fn
221614	37702	fn
221616	10008	fn
221654	109381	fn
221658	80775	fn
221591	114031	fn
221596	69523	fn
221606	80775	fn
221601	10067	fn
221630	19817	fn
221571	198428	fn
221632	8310	fn
221501	7296	fn
221461	125494	fn
221557	35800	fn
221560	121828	fn
221476	143408	fn
221471	193040	fn
221547	79221	fn
221536	198977	fn
221474	19817	fn
221470	35800	fn
221473	35800	fn
221549	54001	fn
221460	34842	fn
221510	29035	fn
221516	13674	fn
221491	69523	fn
221514	8121	fn
221402	10144	fn
221394	34047	fn
221364	188119	fn
221375	57739	fn
221331	35800	fn
221426	35800	fn
221410	79252	fn
221411	10008	fn
221358	69523	fn
221355	35800	fn
221439	175195	fn
221159	165889	fn
221238	25102	fn
221304	69523	fn
221274	18782	fn
221273	69523	fn
221307	26610	fn
221223	35800	fn
221225	17859	fn
221227	221224	fn
221192	198385	fn
221254	35800	fn
221200	138924	fn
221206	35816	fn
221279	8346	fn
221177	35800	fn
221112	69523	fn
221062	35800	fn
221056	69523	fn
221132	35800	fn
221153	126909	fn
221155	198428	fn
221152	8310	fn
221149	109381	fn
221117	35800	fn
221130	37488	fn
221096	32299	fn
221068	19158	fn
221103	182900	fn
221032	175195	fn
221011	179811	fn
220896	69523	fn
220917	35800	fn
220962	81135	fn
221003	35800	fn
220974	35800	fn
221008	4125	fn
221022	59270	fn
221021	35800	fn
221020	23540	fn
220905	41628	fn
220989	4125	fn
220845	37488	fn
220846	164343	fn
220739	57739	fn
220861	35800	fn
220865	197892	fn
220785	46954	fn
220780	194164	fn
220783	35800	fn
220806	35800	fn
220807	35800	fn
220805	17859	fn
220882	35800	fn
220837	153630	fn
220778	35800	fn
220772	96496	fn
220751	35800	fn
220724	4016	fn
220717	35800	fn
220870	138018	fn
220756	35800	fn
220743	182900	fn
220745	8121	fn
220746	35800	fn
220711	69523	fn
220670	170638	fn
220601	115442	fn
220686	63622	fn
220598	164343	fn
220594	17381	fn
220659	35800	fn
220652	10008	fn
220616	69523	fn
220705	4125	fn
220702	39322	fn
220638	4125	fn
220630	35800	fn
220633	191486	fn
220614	109381	fn
220693	40761	fn
220692	143408	fn
220690	35800	fn
220567	35800	fn
220515	17381	fn
220590	14625	fn
220526	35800	fn
220529	33449	fn
220412	201649	fn
220419	80775	fn
220392	159144	fn
220346	17014	fn
220277	37488	fn
220276	92096	fn
220205	57739	fn
220211	35800	fn
220295	132468	fn
220292	69523	fn
220227	40644	fn
220221	69523	fn
220103	23554	fn
220105	196696	fn
220077	29123	fn
220135	221784	fn
220048	94871	fn
220064	147169	fn
220090	4016	fn
220097	35800	fn
220146	35800	fn
220149	114031	fn
220173	23755	fn
220170	35800	fn
220086	69523	fn
220129	124956	fn
220128	81397	fn
220104	202454	fn
220051	35800	fn
220151	154697	fn
220157	23755	fn
220037	29035	fn
220027	138402	fn
219965	35800	fn
219992	188716	fn
219951	118709	fn
219953	10008	fn
219959	35800	fn
220015	8310	fn
220014	137996	fn
219980	144262	fn
219984	37702	fn
220019	114031	fn
219939	96272	fn
219934	57739	fn
220041	35800	fn
220011	15958	fn
219834	164343	fn
219871	147835	fn
219880	69523	fn
219885	35800	fn
219923	35800	fn
219922	35418	fn
219857	57739	fn
219822	50442	fn
219903	57739	fn
219900	57822	fn
219908	114427	fn
219879	35800	fn
219870	33449	fn
219841	14987	fn
219851	172662	fn
219912	8218	fn
219703	164343	fn
219779	207989	fn
219723	80130	fn
219729	59601	fn
219786	69523	fn
219783	120110	fn
219796	136081	fn
219790	13984	fn
219777	108645	fn
219732	10008	fn
219812	35800	fn
219769	57739	fn
219766	35800	fn
219765	35800	fn
219795	144262	fn
219750	173263	fn
219668	164341	fn
219674	201699	fn
219641	35800	fn
219610	81135	fn
219619	76265	fn
219696	67564	fn
219694	41219	fn
219628	81135	fn
219665	35800	fn
219600	69523	fn
219601	4125	fn
219646	181720	fn
219660	175195	fn
219488	69523	fn
219553	209347	fn
219507	85837	fn
219586	96753	fn
219585	79264	fn
219476	81135	fn
219479	81135	fn
219478	122617	fn
219536	193976	fn
219524	35800	fn
219392	113114	fn
219396	35800	fn
219395	193782	fn
219407	69523	fn
219371	35800	fn
219339	166299	fn
219349	164343	fn
219423	35800	fn
219259	154697	fn
219268	69523	fn
219266	114031	fn
219319	81135	fn
219230	35800	fn
219242	2459	fn
219015	35800	fn
219016	80130	fn
219110	35800	fn
219065	87450	fn
218993	69523	fn
219054	35800	fn
219006	4125	fn
219004	19817	fn
219084	17505	fn
219057	121828	fn
219023	35800	fn
219108	34047	fn
219102	35800	fn
219101	143408	fn
219039	69523	fn
219030	193872	fn
219077	12601	fn
219073	35800	fn
219070	1526	fn
219094	64073	fn
218881	164343	fn
218882	113723	fn
218930	37473	fn
218870	35800	fn
218775	35800	fn
218783	31381	fn
218827	165826	fn
218826	8218	fn
218812	35800	fn
218761	189674	fn
218763	35800	fn
218801	35800	fn
218706	81135	fn
218702	192521	fn
218708	85680	fn
218657	35800	fn
218653	35800	fn
218724	8859	fn
218689	114031	fn
218739	69523	fn
218742	35800	fn
218695	150727	fn
218614	35800	fn
218571	44450	fn
218567	37702	fn
218560	131595	fn
218598	158874	fn
218591	69523	fn
218607	19817	fn
218636	35800	fn
218637	57226	fn
218635	34047	fn
218629	138706	fn
218648	35800	fn
218643	35800	fn
218646	35800	fn
218535	114031	fn
218477	188206	fn
218541	173231	fn
218547	40644	fn
218549	50074	fn
218496	81025	fn
217327	35800	fn
217318	4125	fn
217330	11765	fn
217361	138986	fn
217331	35760	fn
217299	196654	fn
217292	10008	fn
217259	124835	fn
217262	165375	fn
217345	193040	fn
217342	169632	fn
217196	8121	fn
217195	35800	fn
217199	196654	fn
217201	19817	fn
217178	85645	fn
217182	114031	fn
217185	35800	fn
216125	178032	fn
216087	80457	fn
216083	164343	fn
216082	160110	fn
216081	35800	fn
217140	35800	fn
217143	69523	fn
217141	26408	fn
216088	138986	fn
216093	35800	fn
216094	126928	fn
217154	8121	fn
217151	69523	fn
216136	4125	fn
216132	8313	fn
216139	137324	fn
216113	131522	fn
217159	35800	fn
215969	29035	fn
215918	35800	fn
215919	35800	fn
215897	135532	fn
215906	35800	fn
215900	91752	fn
215931	10008	fn
215899	8639	fn
215892	69523	fn
215814	80130	fn
215868	201104	fn
215863	52313	fn
215777	95824	fn
215778	174332	fn
215609	10008	fn
215647	109797	fn
215683	68529	fn
215687	69523	fn
215634	37488	fn
215658	35800	fn
215547	194715	fn
215539	10008	fn
215603	17381	fn
215536	35800	fn
215566	35800	fn
215562	165381	fn
215496	37702	fn
215513	114031	fn
215460	19817	fn
215462	79221	fn
215466	22408	fn
215438	35800	fn
215434	35800	fn
215480	53629	fn
215418	35800	fn
215385	194164	fn
215296	163860	fn
215295	202545	fn
215313	35800	fn
215311	194164	fn
215341	37314	fn
215343	69523	fn
215325	103941	fn
215302	35800	fn
215337	202259	fn
215285	25465	fn
215287	69523	fn
215365	82714	fn
215346	69523	fn
215327	31794	fn
215380	96862	fn
215350	131595	fn
215231	77452	fn
215200	10308	fn
215242	84840	fn
215245	35800	fn
215183	35418	fn
215222	181720	fn
215276	29035	fn
215273	4016	fn
215278	35800	fn
215205	131522	fn
215269	40168	fn
215198	35077	fn
215191	35800	fn
215194	182900	fn
215190	69523	fn
215170	114031	fn
215174	69523	fn
215124	35800	fn
215120	13674	fn
215055	20973	fn
215155	48479	fn
215113	189139	fn
215116	27390	fn
215142	193759	fn
215131	10008	fn
214931	65234	fn
214934	131595	fn
214939	69523	fn
214976	10008	fn
215020	34842	fn
214947	35800	fn
214997	79221	fn
215048	35800	fn
215041	35800	fn
215047	117746	fn
214952	14046	fn
214877	611	fn
214904	415	fn
214860	160851	fn
214828	163885	fn
214825	35800	fn
214908	192130	fn
214857	8310	fn
214875	80480	fn
214876	131522	fn
214737	97330	fn
214729	11270	fn
214725	87212	fn
214683	174447	fn
214686	85645	fn
214773	35800	fn
214755	35800	fn
214752	35800	fn
214793	114031	fn
214796	153630	fn
214771	69523	fn
214696	69523	fn
214594	8121	fn
214672	59601	fn
214673	97649	fn
214670	35800	fn
214630	32091	fn
214632	123577	fn
214633	178014	fn
214477	8121	fn
214453	57739	fn
214493	154883	fn
214497	19817	fn
214498	35800	fn
214447	35800	fn
214451	196654	fn
214459	47219	fn
214499	110615	fn
214468	72487	fn
214466	35800	fn
214481	69523	fn
214487	125494	fn
214486	28199	fn
214355	40077	fn
214320	83424	fn
214321	35800	fn
214343	40077	fn
214346	72567	fn
214345	35800	fn
214305	35800	fn
214362	79221	fn
214339	116696	fn
214333	84840	fn
214332	35800	fn
214299	35800	fn
214293	194164	fn
214167	35800	fn
214104	4125	fn
214092	57739	fn
214068	112239	fn
214065	35800	fn
214024	57739	fn
214051	97324	fn
214081	8310	fn
214057	35800	fn
214043	8346	fn
214083	21817	fn
214131	392	fn
214075	79221	fn
213923	69523	fn
213962	69523	fn
213994	85645	fn
213944	51786	fn
214012	35800	fn
213935	35800	fn
214005	35800	fn
214004	23554	fn
213978	81135	fn
213981	175195	fn
213913	120682	fn
213880	33449	fn
213883	35800	fn
213856	89807	fn
213778	35800	fn
213779	69523	fn
213770	160778	fn
213841	182900	fn
213864	21664	fn
213860	35800	fn
213805	10008	fn
213834	92008	fn
213838	4125	fn
213875	35800	fn
213843	35800	fn
213771	44587	fn
213815	96465	fn
213677	202682	fn
213674	133219	fn
213730	17381	fn
213761	136328	fn
213763	35800	fn
213748	57739	fn
213768	158148	fn
213692	6246	fn
213581	202326	fn
213633	69523	fn
213635	198434	fn
213634	136991	fn
213533	4125	fn
213567	69523	fn
213565	65049	fn
213562	193040	fn
213617	35800	fn
213554	69523	fn
213515	30947	fn
213424	35800	fn
213470	125494	fn
213386	86945	fn
213392	35800	fn
213393	138468	fn
213395	114031	fn
213488	35800	fn
213489	4016	fn
213484	70736	fn
213384	35800	fn
213458	168819	fn
213233	60828	fn
213373	10008	fn
213200	35800	fn
213325	164341	fn
213327	35800	fn
213322	10008	fn
213251	57739	fn
213250	10008	fn
213253	1526	fn
213353	35800	fn
213192	132521	fn
213190	29035	fn
213198	19817	fn
213223	196131	fn
213224	10308	fn
213307	194879	fn
213333	69523	fn
213309	13767	fn
213308	103315	fn
213282	35800	fn
213241	69523	fn
213361	35800	fn
213366	12870	fn
213189	35800	fn
213215	35800	fn
213105	169142	fn
213106	37488	fn
213130	9691	fn
213121	35800	fn
213114	39458	fn
213148	35800	fn
213070	35800	fn
213073	37488	fn
213072	81135	fn
212966	144415	fn
212933	69523	fn
212932	42026	fn
212937	33788	fn
212935	17381	fn
213027	69523	fn
212975	35800	fn
213064	40761	fn
212828	81135	fn
212823	35800	fn
212827	52284	fn
212852	201938	fn
212924	69523	fn
212799	29035	fn
212880	35800	fn
212895	35800	fn
212855	8121	fn
212846	40077	fn
212842	35800	fn
212877	23755	fn
212866	52313	fn
212906	35800	fn
212893	124760	fn
212726	8310	fn
212746	95715	fn
212711	110109	fn
212722	19082	fn
212778	10144	fn
212702	114031	fn
212720	35800	fn
212787	151622	fn
212755	174548	fn
212753	178014	fn
212788	193611	fn
212766	4125	fn
212786	69523	fn
212783	182900	fn
212682	68529	fn
212703	19158	fn
212562	154883	fn
212654	57739	fn
212395	35800	fn
212493	17014	fn
212379	162728	fn
212514	69523	fn
212499	194075	fn
212385	35800	fn
212443	71266	fn
212534	69523	fn
212532	48796	fn
212472	169496	fn
212471	35800	fn
212476	56248	fn
212507	4016	fn
212505	10008	fn
212283	69523	fn
212331	31017	fn
212286	35800	fn
212342	35800	fn
212296	35800	fn
212329	122617	fn
212244	35800	fn
212102	37702	fn
212103	35800	fn
212108	131522	fn
212224	174994	fn
212218	137324	fn
212126	17381	fn
212120	80775	fn
211873	201670	fn
212003	77452	fn
211978	35800	fn
212030	10008	fn
212057	81135	fn
211944	211949	fn
211941	29123	fn
211948	1264	fn
212002	11955	fn
212007	35800	fn
212004	164341	fn
212035	182900	fn
211923	189820	fn
211926	84942	fn
211950	35800	fn
211956	69523	fn
211936	59601	fn
211910	8121	fn
211896	10799	fn
212042	35800	fn
212044	211949	fn
212041	71842	fn
211691	156288	fn
211747	69523	fn
211746	68529	fn
211846	131595	fn
211844	144262	fn
211810	143408	fn
211817	69523	fn
211819	173231	fn
211765	10008	fn
211869	35800	fn
211860	69523	fn
211863	156685	fn
211757	23758	fn
211872	79252	fn
211862	63843	fn
211700	17381	fn
211703	243966	fn
211833	35800	fn
211831	197141	fn
211788	69523	fn
211800	69523	fn
211806	175195	fn
211808	35800	fn
211864	44587	fn
211854	11989	fn
211729	17381	fn
211728	198602	fn
211725	17381	fn
211720	10008	fn
211719	39954	fn
211796	35800	fn
211794	35800	fn
211790	107759	fn
211554	68529	fn
211557	192498	fn
211618	37488	fn
211429	64788	fn
211504	1526	fn
211501	35800	fn
211508	29491	fn
211437	68529	fn
211474	37488	fn
211337	68529	fn
211273	35800	fn
211378	10008	fn
211240	51415	fn
211242	35800	fn
211226	119528	fn
211221	35800	fn
211162	69523	fn
211182	69286	fn
211205	133552	fn
211161	164341	fn
211191	35800	fn
211213	8218	fn
211257	69523	fn
211140	107972	fn
211173	69523	fn
211178	17381	fn
211215	79221	fn
211214	33788	fn
211233	35800	fn
211128	164341	fn
211118	26740	fn
211119	109116	fn
210990	52859	fn
211033	35800	fn
211085	35800	fn
210904	28095	fn
210950	35800	fn
210959	114031	fn
210958	37488	fn
210856	69523	fn
210968	153630	fn
210883	86134	fn
210886	120469	fn
210937	6065	fn
210877	87211	fn
210879	138824	fn
210987	35800	fn
210869	95369	fn
210945	132437	fn
210947	35800	fn
210949	35800	fn
210919	58521	fn
210910	58461	fn
210873	69523	fn
210965	69523	fn
210926	135532	fn
210834	35800	fn
210830	81135	fn
210832	4016	fn
210842	1526	fn
210730	4016	fn
210742	164341	fn
210693	131595	fn
210697	193040	fn
210649	39322	fn
210644	69523	fn
210737	10008	fn
210733	35800	fn
210675	35800	fn
210714	136686	fn
210657	42026	fn
210652	35800	fn
210728	116612	fn
210573	68529	fn
210586	85107	fn
210583	54264	fn
210612	67564	fn
210554	32417	fn
210567	58807	fn
210580	114031	fn
210620	69523	fn
210575	13674	fn
210570	57990	fn
210525	35800	fn
210451	164343	fn
210431	33450	fn
210487	35800	fn
210459	35800	fn
210477	35800	fn
210473	69523	fn
210501	154952	fn
210511	173263	fn
210510	191448	fn
210516	79221	fn
210443	37702	fn
210325	96496	fn
210379	182900	fn
210373	1526	fn
210318	69523	fn
210395	42686	fn
210331	182913	fn
210281	17381	fn
210287	131595	fn
210268	202454	fn
210225	35800	fn
210296	193797	fn
209948	182900	fn
209993	118946	fn
210020	69523	fn
209965	35800	fn
209960	85680	fn
209967	1526	fn
209986	33449	fn
209881	35800	fn
209809	164341	fn
209835	4125	fn
209832	164341	fn
209857	4125	fn
209862	35800	fn
209865	107972	fn
209864	80480	fn
209915	115863	fn
209890	35800	fn
209899	1526	fn
209843	10008	fn
209834	41628	fn
209879	210104	fn
209887	4125	fn
209908	57739	fn
209576	154883	fn
209574	115930	fn
209538	35800	fn
209546	69523	fn
209534	35800	fn
209598	35800	fn
209594	362	fn
209597	143408	fn
209518	35800	fn
209599	173231	fn
209499	143408	fn
209566	110424	fn
209447	92713	fn
209477	1526	fn
209472	92713	fn
209461	35800	fn
209460	37702	fn
209419	69523	fn
209411	96753	fn
209413	10008	fn
209487	68529	fn
209270	69523	fn
209291	69523	fn
209276	81609	fn
209328	8310	fn
209320	82714	fn
209349	69523	fn
209309	44587	fn
209262	69523	fn
209351	89986	fn
209331	131522	fn
209283	35800	fn
209305	4125	fn
209335	107838	fn
209334	69523	fn
209041	35800	fn
209040	34842	fn
209042	35800	fn
209036	35800	fn
209078	35800	fn
209086	57739	fn
209080	69523	fn
209018	35800	fn
209105	138986	fn
208984	172145	fn
208988	69523	fn
208897	8218	fn
208896	177035	fn
208859	6246	fn
208787	69523	fn
208783	10008	fn
208780	17381	fn
208872	69523	fn
208832	52667	fn
208804	182900	fn
208889	35800	fn
208806	35800	fn
208696	14589	fn
208718	8805	fn
208716	124745	fn
208662	191524	fn
208747	178014	fn
208686	35800	fn
208684	115930	fn
208685	198428	fn
208652	33899	fn
208656	35800	fn
208756	35800	fn
208763	69523	fn
208674	152039	fn
208739	35800	fn
208736	4125	fn
208704	35800	fn
208650	41693	fn
208655	57739	fn
208574	8121	fn
208576	24746	fn
208642	17381	fn
208619	119528	fn
208434	52896	fn
208537	81135	fn
208477	75167	fn
208476	67564	fn
208408	29516	fn
208320	35800	fn
208376	33449	fn
208380	35800	fn
208363	114031	fn
208180	184302	fn
208282	159736	fn
208288	37702	fn
208258	10937	fn
208184	156685	fn
208236	56494	fn
208196	69523	fn
208287	35800	fn
208272	110010	fn
208212	115033	fn
208246	67564	fn
208062	150793	fn
208075	196696	fn
208129	24543	fn
208124	116223	fn
208099	35800	fn
208162	13674	fn
208160	148158	fn
208051	164343	fn
208055	17381	fn
208158	188650	fn
207931	173231	fn
208032	24950	fn
207940	164343	fn
208043	37702	fn
208013	23540	fn
207948	10008	fn
207925	10008	fn
207922	10008	fn
208028	182900	fn
208022	15751	fn
208021	164343	fn
207828	194164	fn
207885	69523	fn
207911	196696	fn
207819	97462	fn
207920	35800	fn
207844	35800	fn
207841	109111	fn
207849	113803	fn
207698	35800	fn
207619	35800	fn
207613	164341	fn
207554	97561	fn
207562	57739	fn
207592	35800	fn
207599	137324	fn
207575	35800	fn
207537	182900	fn
207543	35800	fn
207595	35800	fn
207523	64268	fn
207576	8121	fn
207601	42026	fn
207573	35800	fn
207585	17381	fn
207472	4017	fn
207421	188559	fn
207475	35800	fn
207490	35800	fn
207431	17381	fn
207433	35800	fn
207377	29035	fn
207374	202454	fn
207413	37694	fn
207346	37702	fn
207050	34842	fn
207087	33450	fn
207086	82714	fn
207001	35800	fn
207002	164392	fn
207006	127786	fn
207078	4125	fn
206989	162395	fn
207022	69523	fn
206988	35800	fn
206893	39458	fn
206813	10008	fn
206763	69523	fn
205705	35800	fn
205706	69523	fn
205702	35800	fn
206834	24565	fn
206778	35800	fn
205735	37473	fn
206824	34702	fn
206793	35800	fn
205714	69523	fn
205728	198428	fn
205721	173263	fn
205570	181513	fn
205579	159828	fn
205641	193040	fn
205593	166904	fn
205568	110615	fn
205651	138924	fn
205680	114031	fn
205683	35800	fn
205609	29407	fn
205608	35800	fn
205679	96496	fn
205659	35800	fn
205586	147104	fn
205696	68529	fn
205614	141768	fn
205612	40761	fn
205631	192521	fn
205459	25102	fn
205542	180091	fn
205510	26681	fn
205444	25102	fn
205489	35800	fn
205478	96044	fn
205507	202437	fn
205504	35800	fn
205554	10008	fn
205456	107972	fn
205236	34256	fn
205300	32299	fn
205267	22721	fn
205266	35800	fn
205263	42026	fn
205241	35800	fn
205250	4125	fn
205328	44587	fn
205286	35800	fn
205289	8121	fn
205270	182900	fn
205271	188716	fn
205098	81556	fn
205100	114031	fn
205083	44013	fn
205146	96753	fn
205177	1526	fn
205178	114031	fn
205198	172400	fn
205195	72441	fn
205197	51786	fn
205114	80130	fn
205117	34599	fn
205119	68529	fn
205094	70736	fn
205092	115863	fn
205162	64712	fn
205164	8218	fn
205209	35800	fn
205202	196347	fn
205204	69286	fn
205207	69523	fn
205139	76543	fn
205089	175195	fn
205102	57739	fn
205156	69523	fn
205158	51270	fn
205157	202682	fn
205174	196654	fn
205030	35800	fn
205008	162395	fn
205003	35800	fn
205007	176786	fn
204988	164341	fn
204981	119275	fn
205018	185205	fn
204977	81135	fn
204996	29035	fn
204991	69523	fn
205047	69523	fn
205045	35800	fn
205043	160110	fn
205041	182900	fn
205049	35800	fn
205055	108978	fn
205077	35800	fn
205073	93017	fn
205029	35800	fn
204985	69523	fn
204984	143408	fn
204899	35800	fn
204969	165399	fn
204905	68529	fn
204907	40644	fn
204961	35800	fn
204874	81135	fn
204884	59819	fn
204881	98815	fn
204928	181720	fn
204922	31835	fn
204917	8218	fn
204914	182900	fn
204863	69286	fn
204723	17381	fn
204724	138824	fn
204665	114031	fn
204659	42987	fn
204638	69523	fn
204636	201699	fn
204689	35800	fn
204687	35800	fn
204603	207989	fn
204521	32299	fn
204524	152887	fn
204495	8310	fn
204599	35800	fn
204531	62690	fn
204533	69523	fn
204448	132477	fn
204402	59053	fn
204485	118709	fn
204486	52896	fn
204425	68529	fn
204423	145370	fn
204466	17381	fn
204464	10937	fn
204434	35800	fn
204430	35800	fn
204438	35800	fn
204406	178014	fn
204309	35800	fn
204304	201893	fn
204300	136991	fn
204349	69523	fn
204332	37702	fn
204330	98794	fn
204369	35800	fn
204366	10008	fn
204314	69523	fn
204317	65868	fn
204384	35800	fn
204347	118709	fn
204371	170050	fn
204320	15989	fn
204255	52896	fn
204116	65175	fn
204099	44587	fn
204095	35800	fn
204110	212036	fn
204050	35800	fn
204137	42159	fn
204070	194164	fn
204117	35800	fn
204084	35800	fn
204111	35800	fn
204053	35800	fn
204034	35800	fn
204083	4480	fn
204044	114031	fn
204124	96753	fn
203995	98638	fn
203892	35800	fn
203893	20842	fn
203803	202825	fn
203889	69523	fn
203681	87211	fn
203680	8310	fn
203685	55368	fn
203624	92080	fn
203638	69523	fn
