63856	82705	transitive
29824	83071	transitive
31	46856	transitive
59015	69185	transitive
54728	69185	transitive
50878	69185	transitive
30348	69185	transitive
19874	69185	transitive
54728	59015	transitive
50878	59015	transitive
30348	59015	transitive
19874	59015	transitive
50878	54728	transitive
30348	54728	transitive
19874	54728	transitive
30348	50878	transitive
19874	50878	transitive
19874	30348	transitive
4220	86094	transitive
18480	74855	transitive
14500	24720	transitive
13850	24720	transitive
13850	14500	transitive
11384	16331	transitive
37993	90028	transitive
3514	92374	transitive
8318	12715	transitive
14078	15526	transitive
7	11142	transitive
11256	12262	transitive
298	33297	transitive
28474	30363	transitive
29824	33865	transitive
14483	133369	transitive
121071	129274	transitive
631	76444	transitive
26828	88083	transitive
11064	54794	transitive
97203	103682	transitive
3242	114448	transitive
70385	79289	transitive
26300	85363	transitive
6652	26450	transitive
46217	50501	transitive
4901	79147	transitive
67571	88463	transitive
4220	5819	transitive
534	30156	transitive
18480	18844	transitive
32419	46720	transitive
4220	86487	transitive
78828	116804	transitive
118	135103	transitive
72940	90991	transitive
6791	8956	transitive
27257	86683	transitive
107533	122879	transitive
96482	122879	transitive
88282	122879	transitive
84170	122879	transitive
64636	122879	transitive
64370	122879	transitive
61877	122879	transitive
55965	122879	transitive
48764	122879	transitive
96482	107533	transitive
88282	107533	transitive
84170	107533	transitive
64636	107533	transitive
64370	107533	transitive
61877	107533	transitive
55965	107533	transitive
48764	107533	transitive
88282	96482	transitive
84170	96482	transitive
64636	96482	transitive
64370	96482	transitive
61877	96482	transitive
55965	96482	transitive
48764	96482	transitive
84170	88282	transitive
64636	88282	transitive
64370	88282	transitive
61877	88282	transitive
55965	88282	transitive
48764	88282	transitive
64636	84170	transitive
64370	84170	transitive
61877	84170	transitive
55965	84170	transitive
48764	84170	transitive
64370	64636	transitive
61877	64636	transitive
55965	64636	transitive
48764	64636	transitive
61877	64370	transitive
55965	64370	transitive
48764	64370	transitive
55965	61877	transitive
48764	61877	transitive
48764	55965	transitive
102778	108007	transitive
27257	116804	transitive
8798	162288	transitive
27300	144641	transitive
30303	38856	transitive
200140	2691	fn
199920	115258	fn
199922	2691	fn
199923	80398	fn
199889	97166	fn
199887	2691	fn
199884	2691	fn
200035	2691	fn
199973	2691	fn
200013	6	fn
199929	6	fn
199987	2272	fn
199946	31	fn
199863	165	fn
200025	128616	fn
200028	2691	fn
199919	2691	fn
199911	16921	fn
199910	2272	fn
199914	2691	fn
199917	77465	fn
199916	6	fn
199999	2691	fn
200023	64195	fn
200020	2691	fn
199895	63546	fn
199897	31	fn
199892	2691	fn
199949	92034	fn
199961	97098	fn
199964	31	fn
199968	726	fn
200031	2691	fn
199872	128616	fn
199873	1595	fn
199882	6	fn
199880	16921	fn
199909	63152	fn
199907	2691	fn
199905	108945	fn
199948	165	fn
200014	31	fn
199988	31	fn
199861	119786	fn
199985	62995	fn
199979	95694	fn
199977	31	fn
199970	31	fn
199954	31	fn
200004	2691	fn
200005	2691	fn
200006	181	fn
199645	165	fn
199715	16921	fn
199716	2691	fn
199773	128616	fn
199639	121852	fn
199813	2691	fn
199703	107551	fn
199709	2691	fn
199644	726	fn
199521	10519	fn
199526	2691	fn
199486	128616	fn
199430	34094	fn
199260	2272	fn
199352	2691	fn
199370	143035	fn
199415	148004	fn
199244	2691	fn
199249	102884	fn
199368	2691	fn
199366	2691	fn
199319	2691	fn
199315	2691	fn
199354	2691	fn
199282	127235	fn
199288	31	fn
199424	6	fn
199427	121852	fn
199429	128616	fn
199409	2691	fn
199334	7960	fn
199338	123063	fn
199359	128616	fn
199358	58310	fn
199271	41208	fn
199273	2691	fn
199140	6	fn
199139	18891	fn
199133	2691	fn
199130	147001	fn
199136	68080	fn
199072	2691	fn
199070	31	fn
199182	48786	fn
199180	2691	fn
199181	165	fn
199185	31	fn
199073	122722	fn
198998	107551	fn
198994	112451	fn
199025	31	fn
199024	123063	fn
198948	16921	fn
198944	1194	fn
198946	2691	fn
198992	31	fn
198963	2691	fn
198962	29828	fn
198960	99171	fn
199037	2691	fn
199039	165	fn
199030	2691	fn
198959	8974	fn
198953	80398	fn
198954	2691	fn
198989	6	fn
199034	139384	fn
199038	16921	fn
199015	2691	fn
199016	123063	fn
199013	128616	fn
199010	2691	fn
198974	31	fn
198940	2691	fn
198942	76875	fn
198952	2691	fn
198979	2691	fn
198985	69570	fn
198980	110209	fn
199042	2691	fn
198967	16921	fn
198856	2691	fn
198868	41208	fn
198867	41208	fn
198864	33780	fn
198862	16921	fn
198926	165	fn
198935	2691	fn
198837	121852	fn
198839	26537	fn
198838	2691	fn
198638	2691	fn
198633	2691	fn
198726	122844	fn
198626	2691	fn
198760	2272	fn
198658	89121	fn
198758	2691	fn
198753	2691	fn
198757	31	fn
198632	121852	fn
198780	2691	fn
198787	25672	fn
198778	43594	fn
198771	3200	fn
198709	121852	fn
198701	2691	fn
198700	31	fn
198830	121852	fn
198835	63152	fn
198819	16921	fn
198769	2691	fn
198766	31	fn
198732	16921	fn
198651	31	fn
198653	11609	fn
198677	93830	fn
198820	2691	fn
198678	44647	fn
198698	2691	fn
198690	2691	fn
198693	52499	fn
198696	6	fn
198617	43594	fn
198797	1595	fn
198667	16921	fn
198616	2272	fn
198718	2691	fn
198527	2691	fn
198492	2691	fn
198510	2691	fn
198512	2691	fn
198597	2691	fn
198595	86429	fn
198420	2272	fn
198428	34057	fn
198573	36	fn
198575	114610	fn
198549	2691	fn
198548	16921	fn
198537	18178	fn
198475	67204	fn
198530	2691	fn
198531	29990	fn
198414	6	fn
198461	67044	fn
198574	33780	fn
198547	128616	fn
198412	63152	fn
198488	2691	fn
198483	2691	fn
198485	6	fn
198486	2691	fn
198487	181	fn
198567	2691	fn
198560	144745	fn
198505	2272	fn
198429	128616	fn
198465	2691	fn
198502	140049	fn
198448	6	fn
198477	31	fn
198509	1253	fn
198508	2691	fn
198507	2691	fn
198519	129322	fn
198511	2691	fn
199735	31	fn
198583	39037	fn
198584	41208	fn
198587	3324	fn
198542	24072	fn
198279	31	fn
198330	2691	fn
198249	20010	fn
198243	31	fn
198361	6	fn
198364	2691	fn
198308	2691	fn
198304	147142	fn
198295	2691	fn
198297	21631	fn
198400	2691	fn
198391	16921	fn
198392	64010	fn
198367	18709	fn
198251	6	fn
198256	6	fn
198264	128616	fn
198266	2691	fn
198268	2691	fn
198269	16921	fn
198385	31	fn
198271	104890	fn
198336	2691	fn
198334	2691	fn
198349	6	fn
198348	2691	fn
198240	6	fn
198354	122832	fn
198353	2691	fn
198378	16921	fn
198379	2272	fn
198372	2691	fn
198322	31	fn
198288	2691	fn
198286	87447	fn
198282	2691	fn
198280	128616	fn
198397	3931	fn
198315	2691	fn
198323	2272	fn
198239	133656	fn
198174	6	fn
198041	2691	fn
198019	77791	fn
198190	16921	fn
198198	31	fn
198098	31	fn
198092	2691	fn
198118	16921	fn
198102	2691	fn
198157	2691	fn
198136	13630	fn
198182	2691	fn
197830	114610	fn
197905	6	fn
197900	2691	fn
197988	31	fn
197985	6	fn
197981	2691	fn
197982	31	fn
197868	122832	fn
197957	2691	fn
197852	70150	fn
197856	2691	fn
197855	2691	fn
197961	126921	fn
197969	2691	fn
197885	2691	fn
197884	171535	fn
197881	2691	fn
197938	128616	fn
197933	27949	fn
198005	126484	fn
198003	2272	fn
197837	2691	fn
197986	70556	fn
197922	2691	fn
197920	18709	fn
197853	2691	fn
197699	11248	fn
197697	31	fn
197691	2691	fn
197762	110209	fn
197765	56351	fn
197766	2691	fn
197733	128616	fn
197731	6	fn
197736	126864	fn
197679	2691	fn
197750	97166	fn
197807	33780	fn
197806	31	fn
197703	128616	fn
197706	165	fn
197787	128616	fn
197757	3713	fn
197711	31	fn
197780	38216	fn
197723	15753	fn
197740	3270	fn
197818	2691	fn
197817	31	fn
197810	131138	fn
197698	31	fn
197695	27553	fn
197792	2691	fn
197689	5363	fn
197682	2691	fn
197686	67044	fn
197779	2272	fn
197777	2272	fn
197776	2272	fn
197805	2691	fn
197744	31	fn
197745	20836	fn
197741	44134	fn
197749	111905	fn
197724	31	fn
197726	2691	fn
197721	2213	fn
197665	2691	fn
197660	2691	fn
197588	31	fn
197552	108373	fn
197551	2691	fn
197550	87730	fn
197555	31	fn
197669	6	fn
197646	152906	fn
197643	6	fn
197642	2691	fn
197563	181	fn
197560	2691	fn
197672	2691	fn
197673	2691	fn
197671	80398	fn
197678	63152	fn
197657	31	fn
197566	128616	fn
197623	128616	fn
197548	6	fn
197549	6	fn
197546	2691	fn
197547	16921	fn
197658	52027	fn
197659	93830	fn
197595	6	fn
197667	16921	fn
197628	2691	fn
197666	2691	fn
197382	128616	fn
197388	16921	fn
197523	2691	fn
197466	114610	fn
197463	8375	fn
197530	23157	fn
197455	92150	fn
197428	5026	fn
197361	128616	fn
197350	2691	fn
197355	6	fn
197358	2272	fn
197444	31	fn
197479	2691	fn
197258	2272	fn
197199	2691	fn
197321	118	fn
197283	16921	fn
197280	131138	fn
197174	141017	fn
197176	2691	fn
197170	2691	fn
197265	16921	fn
197262	10519	fn
197266	144745	fn
197186	131138	fn
197238	99744	fn
197298	20010	fn
197218	6	fn
197210	6	fn
197217	128616	fn
197157	2691	fn
197155	2691	fn
197158	31	fn
197325	2691	fn
197285	16921	fn
197326	2691	fn
197240	2691	fn
197269	2691	fn
197343	16921	fn
197345	2691	fn
197164	2691	fn
197239	76875	fn
197317	2691	fn
197337	2691	fn
197333	2691	fn
197339	2691	fn
197273	63152	fn
197270	2691	fn
197274	2691	fn
197275	2691	fn
197203	121852	fn
197201	128616	fn
197291	63228	fn
197306	31	fn
197224	2691	fn
197223	145251	fn
197248	2691	fn
197172	25672	fn
197307	131138	fn
197250	2691	fn
197219	128616	fn
197214	128616	fn
197122	155720	fn
196939	16921	fn
197004	82162	fn
197006	31	fn
197001	2691	fn
196961	2691	fn
196960	121852	fn
196966	2691	fn
197070	31	fn
196997	140163	fn
197114	128616	fn
197126	121852	fn
197127	16921	fn
197054	2272	fn
197026	16921	fn
197020	41208	fn
197100	16921	fn
197085	2691	fn
196941	2691	fn
196946	2691	fn
196948	2691	fn
197143	2691	fn
197012	123063	fn
197013	2691	fn
197018	63952	fn
196976	103942	fn
196977	179733	fn
197049	6	fn
197048	6	fn
197042	109661	fn
197045	2691	fn
197030	31	fn
197034	2691	fn
197135	128616	fn
197137	2691	fn
197136	31	fn
196956	52027	fn
196943	2691	fn
197071	2691	fn
197079	16921	fn
197063	6	fn
197060	2691	fn
197067	16921	fn
197064	86248	fn
197041	2691	fn
196988	2272	fn
196870	16921	fn
196877	118696	fn
196878	16921	fn
196934	2272	fn
196935	52027	fn
196932	92034	fn
196931	2691	fn
196846	2272	fn
196811	2272	fn
196813	97098	fn
196897	6	fn
196910	31	fn
196913	2691	fn
196918	128616	fn
196875	165	fn
196759	5347	fn
196936	2691	fn
196866	2691	fn
196860	31	fn
196863	2272	fn
196783	6	fn
196836	28474	fn
196604	16921	fn
196598	31	fn
196596	16921	fn
196597	2691	fn
196593	2691	fn
196676	128616	fn
196691	2691	fn
196613	2691	fn
196612	8604	fn
196713	2691	fn
196710	145875	fn
196717	2691	fn
196648	86399	fn
196712	146087	fn
196669	2691	fn
195514	2691	fn
196592	121852	fn
195503	16921	fn
195508	2272	fn
195509	121852	fn
195545	41208	fn
196575	14872	fn
195551	144745	fn
196576	2272	fn
196572	2691	fn
196579	16921	fn
195487	57213	fn
195486	2691	fn
195527	41208	fn
196559	2691	fn
195547	2691	fn
196614	128616	fn
195558	122832	fn
195552	2691	fn
195464	2691	fn
196567	2691	fn
196568	2691	fn
196589	13320	fn
196581	128616	fn
195419	5363	fn
195415	128616	fn
195338	128616	fn
195353	2691	fn
195344	144442	fn
195348	34057	fn
195414	6	fn
195420	165	fn
195392	72018	fn
195394	41208	fn
195429	76875	fn
194887	31	fn
194967	19593	fn
194966	6	fn
194851	2691	fn
194858	31	fn
194954	31	fn
194953	31	fn
194959	31	fn
194852	63152	fn
194970	82105	fn
194904	23779	fn
194907	2691	fn
194906	114610	fn
196653	2691	fn
194981	95694	fn
194833	5363	fn
194974	64010	fn
194874	2272	fn
194889	145875	fn
194845	31	fn
194842	121852	fn
194925	2272	fn
194969	2691	fn
194968	121852	fn
194950	80536	fn
194908	16921	fn
194867	31	fn
194909	31	fn
194897	128616	fn
194894	2691	fn
194873	20010	fn
194875	23225	fn
194876	2272	fn
194935	2691	fn
194931	64195	fn
194938	34613	fn
194804	2691	fn
194676	2691	fn
194738	2691	fn
194734	16287	fn
194718	2691	fn
194760	2691	fn
194763	165	fn
194733	6	fn
194822	41208	fn
194823	145566	fn
194757	2691	fn
194792	2691	fn
194783	31	fn
194782	46031	fn
194781	2691	fn
194703	6	fn
194570	577	fn
194575	2691	fn
194571	2691	fn
194578	121347	fn
194648	155649	fn
194529	114385	fn
194525	36	fn
194524	16921	fn
194523	2691	fn
194611	31	fn
194583	2272	fn
194517	128616	fn
194595	2691	fn
194593	31	fn
194548	6	fn
194543	6	fn
194545	16921	fn
194544	31	fn
194547	110999	fn
194599	2691	fn
194635	144745	fn
194630	16921	fn
194639	2691	fn
194582	66132	fn
194532	6	fn
194533	121852	fn
194602	2691	fn
194601	109537	fn
194563	2691	fn
194561	74939	fn
194650	95694	fn
194539	2691	fn
194621	122722	fn
194625	94886	fn
194626	71260	fn
196628	2691	fn
194407	121852	fn
194400	31	fn
194301	2691	fn
194305	128616	fn
194389	16921	fn
194339	122741	fn
194335	16921	fn
194306	122832	fn
194387	31747	fn
194363	121852	fn
194350	2691	fn
194293	126484	fn
194189	6	fn
194188	2691	fn
194185	23860	fn
194187	31	fn
194233	141165	fn
194133	16921	fn
194231	2691	fn
194237	2691	fn
194239	149327	fn
194208	128616	fn
194202	52234	fn
194172	2691	fn
194175	2691	fn
194176	31	fn
194194	16921	fn
194158	2691	fn
194157	31459	fn
194278	2691	fn
194276	31	fn
194273	114610	fn
194147	16921	fn
194146	16921	fn
194140	11109	fn
194142	148139	fn
194228	2691	fn
194246	76662	fn
194286	2691	fn
194051	2691	fn
194066	2272	fn
194060	73484	fn
194103	2691	fn
194107	57284	fn
193976	2691	fn
193989	31	fn
193982	144745	fn
194046	16921	fn
193952	2401	fn
193957	102884	fn
193980	222	fn
193986	122832	fn
193923	114610	fn
193774	31	fn
193779	181	fn
193785	2691	fn
193747	36	fn
193839	2691	fn
193835	6	fn
193836	2691	fn
193900	31	fn
193907	97926	fn
193895	2691	fn
193901	10378	fn
193867	6	fn
193861	2691	fn
193868	2691	fn
193775	64195	fn
193848	2691	fn
193856	20010	fn
193780	118199	fn
193879	20010	fn
193758	16921	fn
193755	2272	fn
193723	2691	fn
193727	2272	fn
193599	147329	fn
193607	153241	fn
193602	30159	fn
193684	31	fn
193683	2691	fn
193682	2691	fn
193635	2691	fn
193632	31	fn
193638	2691	fn
193575	16921	fn
193662	92034	fn
193664	2691	fn
193667	6	fn
193666	2691	fn
193715	121852	fn
193716	31	fn
193713	16921	fn
193712	31	fn
193611	123063	fn
193614	143930	fn
193619	22182	fn
193698	113462	fn
193692	16921	fn
193696	2691	fn
193637	121852	fn
193569	2691	fn
193645	16921	fn
193708	2691	fn
193577	6	fn
193571	31	fn
193625	104040	fn
193624	118215	fn
193627	6	fn
193629	2691	fn
193574	2691	fn
193620	2691	fn
193604	2374	fn
193581	2691	fn
193643	31	fn
193656	2691	fn
193511	2691	fn
193515	2691	fn
193419	11109	fn
193417	2691	fn
193529	2691	fn
193522	2691	fn
193523	46094	fn
193521	31	fn
193439	86931	fn
193431	2691	fn
193432	2691	fn
193435	2691	fn
193502	2691	fn
193508	131138	fn
196786	31	fn
193518	128616	fn
193463	16921	fn
193462	31	fn
193467	2691	fn
193559	2691	fn
193555	15160	fn
193551	31	fn
193497	2691	fn
193494	2691	fn
193457	2691	fn
193455	2691	fn
193458	41208	fn
193390	6	fn
193396	121852	fn
193567	128616	fn
193440	31	fn
193485	2691	fn
193483	31459	fn
193482	5026	fn
193489	726	fn
193538	2691	fn
193408	2691	fn
193405	298	fn
193505	2691	fn
193506	128616	fn
193453	46928	fn
193542	122832	fn
193544	128616	fn
193545	2691	fn
193531	2691	fn
193530	2691	fn
193384	2691	fn
193301	31	fn
193306	6	fn
193344	2691	fn
193359	2691	fn
193352	2691	fn
193388	2691	fn
193437	2691	fn
193377	16921	fn
193375	110209	fn
193314	16921	fn
193295	2691	fn
193349	2272	fn
193345	140848	fn
193325	2691	fn
193374	2691	fn
193313	28474	fn
193315	2272	fn
193318	181	fn
193364	67179	fn
193366	2691	fn
193331	16921	fn
193330	31	fn
193334	128616	fn
193355	16921	fn
193357	11856	fn
193356	31	fn
193353	2691	fn
193276	137215	fn
193221	16921	fn
193250	44169	fn
193287	2691	fn
193289	2691	fn
193229	128616	fn
193218	90659	fn
193215	122832	fn
193217	26450	fn
193197	31	fn
193195	6	fn
193190	87730	fn
193274	31	fn
193270	23779	fn
193258	114152	fn
193036	20537	fn
193033	137481	fn
193120	2691	fn
193181	128616	fn
193185	2691	fn
193150	31	fn
193155	2691	fn
193034	2691	fn
193039	31	fn
193162	128616	fn
193085	20010	fn
193084	31	fn
193110	2272	fn
193134	16921	fn
193138	145566	fn
193097	2691	fn
193073	6	fn
193151	16921	fn
193088	2691	fn
193056	2272	fn
193163	16921	fn
193160	41208	fn
193164	40905	fn
193102	16921	fn
193108	71863	fn
193119	6	fn
193089	2691	fn
193018	16921	fn
193019	2691	fn
193015	2691	fn
193090	31	fn
193091	31	fn
193127	2691	fn
193125	2691	fn
193123	128616	fn
193121	14856	fn
193182	31	fn
193078	2691	fn
192884	6	fn
192885	114385	fn
192921	128616	fn
192853	2691	fn
192859	52027	fn
192886	2691	fn
192959	70654	fn
192881	87838	fn
192889	31	fn
192920	6	fn
192900	181	fn
192989	90779	fn
192875	20010	fn
192873	2691	fn
192828	2691	fn
192931	31	fn
192937	132890	fn
192934	111905	fn
193002	31	fn
192849	27495	fn
192963	31	fn
192876	31	fn
193006	2691	fn
192944	134298	fn
192917	2691	fn
192995	2691	fn
192990	2272	fn
192992	2691	fn
192993	4700	fn
192692	2691	fn
192694	2691	fn
192714	2691	fn
192784	35883	fn
192782	138695	fn
192775	3262	fn
192740	31	fn
192748	16921	fn
192673	131138	fn
192678	122832	fn
192797	2691	fn
192732	16921	fn
192734	128616	fn
192813	151216	fn
192812	128616	fn
192816	2691	fn
192722	2691	fn
192728	31	fn
192697	3324	fn
192688	31	fn
192684	41208	fn
192685	76875	fn
192687	41208	fn
192683	2691	fn
192768	2691	fn
192763	121852	fn
192752	35971	fn
192664	114385	fn
192662	5363	fn
192669	31	fn
192786	2691	fn
192708	2691	fn
192652	3734	fn
192809	3324	fn
192802	128616	fn
192800	3931	fn
192634	2691	fn
192489	2691	fn
192485	2691	fn
192528	95694	fn
192553	2691	fn
192482	2272	fn
192554	67443	fn
192550	121852	fn
192619	16921	fn
192555	41208	fn
192556	121852	fn
192508	31	fn
192507	2691	fn
192500	23779	fn
192629	109919	fn
192533	2691	fn
192539	16921	fn
192474	2691	fn
192535	145566	fn
192530	62621	fn
192569	2272	fn
192604	78632	fn
192510	2691	fn
192518	31	fn
192596	121852	fn
192526	16921	fn
192653	2691	fn
192584	64010	fn
192627	31	fn
192548	139082	fn
192490	114895	fn
192492	23509	fn
192345	20010	fn
192349	2272	fn
192441	13340	fn
192384	2691	fn
192411	31	fn
192286	6	fn
192417	128616	fn
192399	3614	fn
192461	31	fn
192463	23779	fn
192323	6	fn
192327	6	fn
192328	2691	fn
192436	2691	fn
192435	2691	fn
192296	95694	fn
192291	81727	fn
192318	123063	fn
192319	2691	fn
192438	2691	fn
192431	2691	fn
192407	2691	fn
192404	2691	fn
192403	31	fn
192400	31	fn
192396	70654	fn
192267	2691	fn
192264	16921	fn
192236	114385	fn
192275	123063	fn
192280	6538	fn
192196	2691	fn
192179	41208	fn
192197	121852	fn
192175	80730	fn
192245	76875	fn
192241	31	fn
192242	74332	fn
192201	2272	fn
192233	108797	fn
192258	2691	fn
192191	31	fn
192218	128616	fn
192214	2691	fn
192212	31	fn
192211	135767	fn
192177	18112	fn
192080	2691	fn
192140	16921	fn
192151	80398	fn
192153	19903	fn
192124	121852	fn
192077	31	fn
192078	31	fn
192126	16921	fn
192088	73249	fn
192086	24514	fn
192132	165	fn
192130	2691	fn
192111	40905	fn
192145	2691	fn
192170	2691	fn
192169	112451	fn
192168	2691	fn
192099	31	fn
192103	2691	fn
192100	6	fn
192106	2691	fn
192139	2691	fn
192118	2691	fn
192117	42956	fn
192110	2691	fn
191998	28518	fn
191997	121852	fn
191917	31	fn
191916	2691	fn
191918	31096	fn
191898	31	fn
191969	2691	fn
191965	2691	fn
192055	2691	fn
192050	2691	fn
192007	133019	fn
191932	31	fn
191930	31	fn
191937	31	fn
191935	47367	fn
191934	148136	fn
191982	63152	fn
191981	16921	fn
191987	2691	fn
191907	2272	fn
191904	2691	fn
191908	123063	fn
191902	16921	fn
191905	31	fn
192011	2691	fn
192012	2691	fn
192015	2691	fn
192014	6	fn
192018	131138	fn
191955	2691	fn
192029	144745	fn
192024	111821	fn
191801	2691	fn
191806	2691	fn
191752	2272	fn
191750	134416	fn
191833	128616	fn
191831	2691	fn
191689	2306	fn
191685	2691	fn
191764	2691	fn
191869	123063	fn
191864	16921	fn
191730	56134	fn
191737	121852	fn
191739	2691	fn
191890	2691	fn
191891	2691	fn
191893	16921	fn
191818	2691	fn
191814	5026	fn
191681	2691	fn
191808	2691	fn
191805	122832	fn
191744	2691	fn
191847	2691	fn
191846	52027	fn
191840	31	fn
191698	2691	fn
191718	2691	fn
191710	2691	fn
191717	2691	fn
191714	2691	fn
191873	131138	fn
191691	4700	fn
191725	31	fn
191816	2691	fn
191817	16921	fn
191724	31	fn
191729	5363	fn
191827	2691	fn
191552	31	fn
191466	6	fn
191334	2691	fn
191390	31	fn
191384	2272	fn
191419	128616	fn
191413	2691	fn
191395	31	fn
191304	125135	fn
191305	86931	fn
191373	2691	fn
191415	131138	fn
191372	31	fn
191471	16117	fn
191362	2691	fn
191368	2691	fn
191369	2691	fn
191421	2691	fn
191389	16921	fn
191330	2691	fn
191402	131138	fn
191312	76276	fn
191318	68142	fn
191377	142777	fn
191336	31	fn
191434	31	fn
191303	2691	fn
191145	2691	fn
191157	2611	fn
191194	122832	fn
191300	6	fn
191262	2691	fn
191193	154519	fn
191195	2691	fn
191160	2691	fn
191277	128616	fn
191213	30842	fn
191064	2691	fn
191063	2691	fn
191069	121942	fn
191068	31	fn
191086	2691	fn
191099	2691	fn
191046	31	fn
191040	16921	fn
191111	128616	fn
191132	2691	fn
191100	144745	fn
190913	24464	fn
190994	31	fn
190993	151304	fn
190998	36	fn
190978	6	fn
190935	16921	fn
190919	153191	fn
190916	2691	fn
190917	2691	fn
190778	2691	fn
190866	108614	fn
190861	102842	fn
190869	88809	fn
190773	31	fn
190779	16921	fn
190839	577	fn
190838	16921	fn
190835	63546	fn
190834	20010	fn
190837	18603	fn
190890	2691	fn
190843	70930	fn
190844	114385	fn
190908	6	fn
190907	2691	fn
190904	2691	fn
190897	2691	fn
190711	2691	fn
190712	2691	fn
190656	2691	fn
190660	31	fn
190661	31	fn
190662	128616	fn
190664	23779	fn
190669	131138	fn
190746	2272	fn
190639	12421	fn
191545	2691	fn
190616	2691	fn
190566	2691	fn
190565	121852	fn
190561	31	fn
190450	64962	fn
190457	121852	fn
190454	2272	fn
190469	95694	fn
190588	63152	fn
190586	2691	fn
190505	2691	fn
190504	2691	fn
190509	2691	fn
190539	31	fn
190438	31	fn
190609	131138	fn
190600	2691	fn
190604	24464	fn
190605	2691	fn
190552	63152	fn
190570	2691	fn
190143	165	fn
190168	2691	fn
190133	165	fn
190136	52243	fn
190080	2691	fn
190083	31	fn
190005	2691	fn
190075	128616	fn
190071	2691	fn
190102	77465	fn
190111	2691	fn
190033	62092	fn
190066	103193	fn
190067	41208	fn
190105	73869	fn
190031	16921	fn
190032	1194	fn
190034	65898	fn
190038	47405	fn
190041	123063	fn
190049	2691	fn
190046	2691	fn
190114	134380	fn
190056	2691	fn
190058	1337	fn
190092	128616	fn
190091	2691	fn
190097	31	fn
190023	20523	fn
190084	2691	fn
189884	31	fn
189885	122844	fn
189737	16921	fn
189664	141017	fn
189639	142533	fn
189638	2691	fn
189757	41208	fn
189708	29828	fn
189676	20523	fn
189720	41208	fn
189727	2691	fn
189625	128616	fn
189612	2691	fn
189611	5235	fn
189610	2691	fn
189618	2691	fn
189509	20010	fn
189589	31	fn
189571	2691	fn
189578	2691	fn
189634	121852	fn
189484	2691	fn
189528	119808	fn
189523	121852	fn
189499	2691	fn
189517	31	fn
189471	31	fn
189554	17480	fn
189555	16921	fn
189330	2691	fn
189335	28474	fn
189290	2691	fn
189349	2691	fn
189278	21429	fn
189342	2272	fn
189344	6	fn
189130	121852	fn
189162	2691	fn
189167	2819	fn
189202	121852	fn
189195	33717	fn
189198	43594	fn
189255	16921	fn
189253	6	fn
189148	97098	fn
189146	121852	fn
189267	16921	fn
189264	2691	fn
189256	6	fn
189254	34057	fn
189156	76875	fn
189183	2691	fn
189045	144745	fn
189065	2691	fn
189068	136870	fn
189066	2691	fn
189067	97001	fn
189033	128616	fn
189031	2691	fn
189079	51801	fn
188944	111821	fn
188948	31	fn
188977	6	fn
188973	2691	fn
188981	2691	fn
188936	165	fn
188990	16921	fn
188997	6	fn
188879	63152	fn
188905	132777	fn
188919	41208	fn
188884	2272	fn
188883	16921	fn
188906	2691	fn
188892	145566	fn
188923	2691	fn
188708	2691	fn
188753	24464	fn
188728	2691	fn
188722	13869	fn
188687	113112	fn
188685	6	fn
188573	121852	fn
188551	122832	fn
188645	2691	fn
188643	31	fn
188562	121852	fn
188566	16921	fn
188567	107551	fn
188564	31	fn
188565	31	fn
188671	3779	fn
188530	10363	fn
188612	2691	fn
188605	56134	fn
188621	123063	fn
188622	41208	fn
188625	123063	fn
188545	142777	fn
188548	31	fn
188547	2272	fn
188542	35129	fn
188651	6	fn
188653	23779	fn
188657	2691	fn
188615	31	fn
188611	128616	fn
188600	2691	fn
188607	24464	fn
188604	31	fn
188529	114610	fn
188527	31	fn
188446	2691	fn
188397	128616	fn
188398	6	fn
188497	31	fn
188421	139290	fn
188451	2691	fn
188316	70654	fn
188366	76875	fn
188350	2691	fn
188358	165	fn
188314	16921	fn
188310	31	fn
188368	2356	fn
188341	2691	fn
188381	123814	fn
188308	2691	fn
188289	2691	fn
188285	165	fn
188281	31697	fn
188264	165	fn
188288	120521	fn
188287	31	fn
188991	2691	fn
188234	2691	fn
188192	16921	fn
188194	2691	fn
188186	16921	fn
188183	132556	fn
188208	2691	fn
188178	65898	fn
188227	128616	fn
188213	2691	fn
188185	6	fn
188053	16921	fn
188055	2691	fn
188081	114672	fn
189140	2691	fn
188023	31	fn
188022	2691	fn
188020	62995	fn
188087	2691	fn
188061	132631	fn
188153	21429	fn
188017	31	fn
188014	6	fn
188092	2691	fn
188042	2691	fn
188035	121852	fn
187981	128616	fn
187983	6	fn
188040	63152	fn
187975	131138	fn
187835	6	fn
187839	31	fn
187869	2272	fn
187717	2691	fn
187711	128616	fn
187746	16921	fn
187745	2691	fn
187728	77061	fn
187821	31	fn
187826	17196	fn
187827	63152	fn
187825	31	fn
187787	31	fn
187703	2691	fn
187702	2691	fn
187733	128616	fn
187730	31	fn
187818	23435	fn
187812	62092	fn
187816	16921	fn
187667	16921	fn
187591	5363	fn
187631	6	fn
187635	16921	fn
187688	36113	fn
187683	2691	fn
187607	6	fn
187633	2691	fn
187685	3466	fn
187658	137711	fn
187657	6	fn
187656	2691	fn
187650	31	fn
187668	23779	fn
187669	41208	fn
187663	110209	fn
187629	31	fn
187626	2691	fn
187602	32419	fn
187682	2691	fn
187670	2691	fn
187678	16921	fn
187586	2691	fn
187595	2691	fn
187583	2691	fn
187571	16921	fn
187570	76875	fn
187572	2691	fn
187574	20010	fn
187575	2691	fn
187577	16921	fn
187521	2272	fn
187523	2691	fn
187526	2691	fn
187524	2691	fn
187528	145566	fn
187507	31	fn
187373	577	fn
187371	2691	fn
187426	37768	fn
187475	6	fn
187457	2691	fn
187454	16921	fn
187348	2691	fn
187468	2691	fn
187463	58310	fn
187364	2272	fn
187389	2691	fn
187432	3069	fn
187439	2691	fn
187396	114385	fn
187398	2691	fn
187352	153946	fn
187394	2691	fn
187412	2691	fn
187444	6	fn
187440	36093	fn
187441	97014	fn
187449	165	fn
187347	2691	fn
187366	16921	fn
187251	2691	fn
187328	33780	fn
187330	64962	fn
187229	146594	fn
187171	16921	fn
187281	2691	fn
187250	143214	fn
187196	85902	fn
187194	64147	fn
187195	121852	fn
187190	2691	fn
187222	31	fn
187228	107468	fn
187307	2691	fn
187300	2691	fn
187271	1194	fn
187273	107551	fn
187270	114610	fn
187279	11255	fn
187338	2691	fn
187341	146778	fn
187248	6	fn
187249	2691	fn
187203	110209	fn
187200	2691	fn
187295	6	fn
187310	31	fn
187316	128616	fn
187319	6	fn
187311	2691	fn
187212	21076	fn
188399	6	fn
187262	31	fn
187263	114610	fn
187269	16921	fn
187221	121852	fn
187301	128616	fn
187094	2691	fn
187047	2691	fn
187124	41208	fn
187098	2691	fn
187095	104001	fn
187015	118	fn
187091	128616	fn
187107	2819	fn
187118	128616	fn
186992	31	fn
186999	181	fn
187090	122866	fn
187136	16921	fn
187046	2691	fn
186962	5713	fn
186964	114610	fn
187067	31	fn
187005	2691	fn
187129	131138	fn
186998	128616	fn
187086	2691	fn
187029	128616	fn
187111	16921	fn
187168	10386	fn
187160	41208	fn
187165	31	fn
186977	31	fn
187053	128616	fn
187052	31	fn
187156	121852	fn
187154	2356	fn
186986	31	fn
186839	58310	fn
186925	2691	fn
186920	2691	fn
186921	29781	fn
186957	2272	fn
186885	2691	fn
186775	16921	fn
186946	11255	fn
186949	31	fn
186803	2691	fn
186860	2691	fn
186940	31	fn
186913	31	fn
186914	128616	fn
186813	2691	fn
186818	115397	fn
186783	2691	fn
186858	20010	fn
186778	31	fn
186774	2691	fn
186844	2691	fn
186862	2691	fn
186936	31	fn
186935	16921	fn
186934	2691	fn
186875	2691	fn
186879	128616	fn
186781	99370	fn
186904	121852	fn
186825	52027	fn
186824	95694	fn
186716	2272	fn
186748	17196	fn
186749	2691	fn
186756	2691	fn
186605	19227	fn
186621	16921	fn
186638	147639	fn
186671	2691	fn
186696	35042	fn
186697	31	fn
186695	165	fn
186691	31	fn
186636	18538	fn
186619	24877	fn
186601	2272	fn
186600	16921	fn
186728	6	fn
186640	2691	fn
186644	2691	fn
186648	2691	fn
186741	2691	fn
186747	16921	fn
186757	41208	fn
186603	21362	fn
186641	121852	fn
186649	114385	fn
186664	31	fn
186734	16921	fn
186759	91713	fn
186753	29580	fn
186672	123063	fn
186656	121852	fn
186654	47728	fn
186764	2691	fn
186627	16921	fn
186685	2691	fn
186374	31	fn
186376	15761	fn
186458	41208	fn
186404	3779	fn
186401	2691	fn
186436	165	fn
186437	3779	fn
186353	56134	fn
186352	6	fn
186357	31	fn
186434	2272	fn
186433	16921	fn
186471	2691	fn
186389	2691	fn
186409	2691	fn
186402	71260	fn
186412	6	fn
186415	2691	fn
186386	2691	fn
186387	37768	fn
186444	2691	fn
186344	2691	fn
186348	2691	fn
186441	89635	fn
186445	2272	fn
186378	2691	fn
186390	121852	fn
186460	56342	fn
186408	111905	fn
186456	121852	fn
186400	4700	fn
186241	16921	fn
186240	13340	fn
186188	18661	fn
186266	31	fn
186265	2691	fn
186237	145189	fn
186277	2691	fn
186256	128616	fn
186335	39027	fn
186332	2691	fn
186276	2691	fn
186278	66950	fn
186279	2691	fn
186268	2691	fn
186203	28474	fn
186181	20523	fn
186292	31	fn
186002	63152	fn
186170	2691	fn
186121	2691	fn
189661	23331	fn
186147	30051	fn
186123	31	fn
186069	2691	fn
186068	2691	fn
186063	6	fn
186130	2691	fn
186135	16921	fn
186080	2691	fn
186156	12947	fn
186111	2691	fn
186115	121852	fn
186095	6	fn
186019	131138	fn
186042	31	fn
186064	95694	fn
186146	2691	fn
186143	2272	fn
186039	2691	fn
186118	107551	fn
186169	2691	fn
186164	128616	fn
186166	52027	fn
186148	56134	fn
186045	2691	fn
186049	15753	fn
185995	123063	fn
186008	2691	fn
186006	2691	fn
185908	22017	fn
185906	20806	fn
185877	2691	fn
185874	2691	fn
185872	16921	fn
185845	97014	fn
185912	2691	fn
185899	121852	fn
185895	31	fn
185936	2272	fn
185937	2691	fn
185853	114385	fn
185852	95694	fn
185925	33888	fn
185927	2691	fn
185952	2691	fn
185926	6	fn
185745	128616	fn
185747	2691	fn
185746	2691	fn
185802	31747	fn
185803	82624	fn
185800	6	fn
185663	1142	fn
185733	2691	fn
185735	2691	fn
185805	2272	fn
185627	6	fn
185620	6	fn
185629	114610	fn
185767	93830	fn
185768	3614	fn
185742	2691	fn
185609	3893	fn
185692	101031	fn
185427	2691	fn
185585	51006	fn
185507	2691	fn
185500	2691	fn
185470	61230	fn
185478	13090	fn
185421	2272	fn
185443	1576	fn
185445	2691	fn
185384	91574	fn
185386	2691	fn
185586	16921	fn
185584	31	fn
185583	2691	fn
185582	20010	fn
185495	2691	fn
185492	21822	fn
185561	2691	fn
185410	128616	fn
185566	2691	fn
185489	2691	fn
185481	16921	fn
185468	31	fn
185464	20010	fn
185424	76875	fn
185463	121852	fn
185436	2691	fn
185433	76875	fn
185439	20523	fn
185398	121852	fn
185396	2691	fn
185395	63929	fn
185577	31	fn
185400	6	fn
185486	2691	fn
185406	2691	fn
185403	31	fn
185518	128616	fn
185441	2691	fn
185444	46151	fn
185451	16921	fn
185523	2948	fn
185525	31	fn
185558	2691	fn
185556	128616	fn
185551	2691	fn
185282	128616	fn
185285	107551	fn
185362	41208	fn
185259	76875	fn
185253	3931	fn
185355	99370	fn
185323	128616	fn
185325	16921	fn
185298	2691	fn
185297	122062	fn
185296	2691	fn
185293	134380	fn
185290	2691	fn
185275	2691	fn
184953	131138	fn
185066	28474	fn
185026	2691	fn
185031	31	fn
185034	31	fn
184987	20010	fn
184931	31	fn
184932	70654	fn
185004	58310	fn
184965	151216	fn
185085	31	fn
185051	2691	fn
185056	144745	fn
184991	165	fn
184998	108676	fn
184944	128616	fn
184960	2691	fn
185117	2691	fn
185108	121852	fn
185074	2691	fn
185072	80349	fn
185071	114385	fn
185091	2691	fn
184974	2272	fn
185047	23779	fn
185045	16921	fn
185040	2691	fn
185041	41208	fn
185038	2691	fn
184863	63152	fn
184909	121852	fn
184850	109210	fn
184858	6	fn
184804	6	fn
184884	16921	fn
184904	6	fn
184907	2691	fn
184793	31	fn
184881	6	fn
184883	2691	fn
184790	16921	fn
184765	2272	fn
184762	144745	fn
184763	2691	fn
184862	111683	fn
184879	62106	fn
184806	2691	fn
184767	2272	fn
184785	16921	fn
184782	25409	fn
184781	31	fn
184912	23779	fn
184911	2691	fn
184828	2691	fn
184819	2691	fn
184813	104769	fn
184890	2691	fn
184899	128616	fn
184809	2691	fn
184753	6581	fn
184752	31	fn
184758	2691	fn
184840	67044	fn
184841	2691	fn
184834	86923	fn
184836	2691	fn
184831	2691	fn
184754	31	fn
184929	2691	fn
184808	4686	fn
184800	2272	fn
184630	1142	fn
184577	2691	fn
184661	2691	fn
184660	97098	fn
184589	128616	fn
184713	20514	fn
184697	2691	fn
184565	2272	fn
184585	121852	fn
184588	31	fn
184636	2691	fn
184730	23779	fn
184678	31	fn
184708	2691	fn
184706	122832	fn
184705	2691	fn
184572	2691	fn
184606	2691	fn
184623	31	fn
184695	16921	fn
184696	3614	fn
184666	121852	fn
184642	31	fn
184613	2691	fn
184715	128616	fn
184656	2691	fn
184657	31	fn
184650	87730	fn
184651	114042	fn
184569	2691	fn
184563	2272	fn
184561	2691	fn
184720	16921	fn
184698	2691	fn
184610	2691	fn
184689	16921	fn
184685	2691	fn
184684	59630	fn
184602	150995	fn
184722	112451	fn
184723	1844	fn
184604	22	fn
184603	2691	fn
184677	2691	fn
184481	31	fn
184482	128616	fn
184362	21220	fn
184364	2691	fn
184368	31	fn
184470	2691	fn
184388	16921	fn
184389	128616	fn
184416	156183	fn
184458	121852	fn
184496	128616	fn
184495	52730	fn
184493	41208	fn
184543	2691	fn
184426	2691	fn
184540	16921	fn
184546	2691	fn
184462	2691	fn
184461	65898	fn
184453	31679	fn
184451	16921	fn
184518	2691	fn
184511	128987	fn
184517	13632	fn
184516	2272	fn
184515	20010	fn
184415	31	fn
184402	31	fn
184527	31	fn
184249	2691	fn
184248	6	fn
184240	76875	fn
184314	4700	fn
184317	71184	fn
184326	44720	fn
184320	2691	fn
184323	2691	fn
184226	144745	fn
184260	2272	fn
184181	2691	fn
184191	2691	fn
184318	31	fn
184313	2691	fn
184214	2691	fn
184215	726	fn
184210	2272	fn
184163	2272	fn
184165	121852	fn
184157	6	fn
184085	6	fn
184089	10519	fn
184083	6	fn
184086	2691	fn
184134	2691	fn
184136	58310	fn
184133	64538	fn
184078	5026	fn
184072	80349	fn
184158	2691	fn
184111	83185	fn
184093	31	fn
184095	20010	fn
184073	24877	fn
184127	141017	fn
184125	3931	fn
184172	2691	fn
184102	145566	fn
184105	25392	fn
184160	2691	fn
184005	11054	fn
183957	2691	fn
183955	137664	fn
183981	128616	fn
184019	149446	fn
184034	16921	fn
183998	2691	fn
183997	123144	fn
183822	109731	fn
183944	128616	fn
183946	2691	fn
183940	20010	fn
183943	31	fn
183873	133656	fn
183931	40905	fn
183932	2691	fn
183858	141754	fn
183853	2691	fn
183821	2691	fn
183861	6	fn
183905	2691	fn
183908	17196	fn
183863	52027	fn
183830	31	fn
183844	70490	fn
183846	11255	fn
183840	5363	fn
183843	140693	fn
183899	6	fn
183890	2691	fn
183759	18112	fn
183688	2272	fn
183686	2691	fn
183687	2691	fn
183681	6	fn
183727	165	fn
183723	2691	fn
183572	2691	fn
183594	2691	fn
183623	6	fn
183624	2691	fn
183492	31	fn
183495	2691	fn
183514	70679	fn
183513	80398	fn
183536	31	fn
183541	87730	fn
183545	2691	fn
183474	122832	fn
183477	31096	fn
183473	6	fn
183642	31	fn
183586	2691	fn
183530	31	fn
183616	31	fn
183612	2691	fn
183489	135171	fn
183485	2691	fn
183558	128616	fn
183560	31	fn
183566	2691	fn
183611	121852	fn
183610	128616	fn
183551	128616	fn
183556	77245	fn
183543	16921	fn
183463	31	fn
183468	154254	fn
183520	2691	fn
183528	2691	fn
183277	2691	fn
183393	17109	fn
183398	36201	fn
183319	2691	fn
183312	73869	fn
183265	2691	fn
183432	2691	fn
183973	128616	fn
183347	2691	fn
183349	2691	fn
183307	6	fn
183365	2691	fn
183444	2691	fn
183299	2691	fn
183298	128616	fn
183438	135573	fn
183408	16921	fn
183377	99717	fn
183375	144745	fn
183434	1844	fn
183329	140811	fn
183283	76875	fn
183280	2691	fn
183286	95694	fn
183285	2691	fn
183308	50068	fn
183127	16921	fn
183190	2691	fn
183236	2691	fn
183118	135573	fn
183071	165	fn
183192	2691	fn
183142	87730	fn
183237	31	fn
183079	148004	fn
183073	20010	fn
183074	20836	fn
183151	128616	fn
183159	47405	fn
183104	165	fn
183232	123063	fn
183069	121852	fn
183099	2691	fn
183095	69773	fn
183090	136870	fn
183098	2691	fn
183183	122832	fn
183184	8604	fn
183187	76875	fn
182838	31	fn
182861	31	fn
182863	8243	fn
182860	128616	fn
182915	16921	fn
182910	31	fn
182968	16921	fn
182842	31	fn
182849	2691	fn
182848	16921	fn
182916	67682	fn
182919	2272	fn
182872	2691	fn
182875	2691	fn
182907	128616	fn
182905	2691	fn
182902	37556	fn
182903	131138	fn
182900	80398	fn
182908	71260	fn
182886	2691	fn
182895	726	fn
182855	26450	fn
182859	2691	fn
182854	2691	fn
182923	31	fn
182925	2691	fn
182926	2691	fn
182928	16921	fn
182890	6	fn
182834	128616	fn
182832	2691	fn
182831	165	fn
182778	181	fn
182781	181	fn
182788	95694	fn
182813	16921	fn
182764	107551	fn
182765	2691	fn
182689	58310	fn
182906	2691	fn
182827	80536	fn
182729	76875	fn
182745	2691	fn
182746	2691	fn
182672	107551	fn
182817	31	fn
182768	24964	fn
182799	2691	fn
182795	2691	fn
182793	2691	fn
182568	41208	fn
182657	31	fn
182655	2691	fn
182548	2691	fn
182537	2691	fn
182536	2691	fn
182539	31	fn
182602	132622	fn
182605	67044	fn
182609	213	fn
182608	31	fn
182665	142484	fn
182668	31459	fn
182592	6	fn
182595	2691	fn
182502	2691	fn
182500	31	fn
182507	2691	fn
182586	2691	fn
182589	2691	fn
182597	115227	fn
182551	2691	fn
182552	2691	fn
182558	45124	fn
182622	128616	fn
182581	2691	fn
182583	31	fn
182584	62771	fn
182509	31	fn
182628	118215	fn
182620	2691	fn
182625	98953	fn
182491	95144	fn
182524	121852	fn
182461	2272	fn
182252	2691	fn
182250	31	fn
182251	165	fn
182257	16921	fn
182121	118215	fn
182207	2691	fn
182203	123063	fn
182286	2691	fn
182280	31	fn
182171	2691	fn
182170	2691	fn
182177	2691	fn
182268	31	fn
182128	128616	fn
182186	23157	fn
182181	2691	fn
182189	2691	fn
182249	16921	fn
182245	31	fn
182137	23779	fn
182134	128616	fn
182183	114610	fn
182188	2691	fn
182231	70490	fn
182232	2691	fn
182238	34057	fn
182239	2691	fn
182167	33780	fn
182102	114385	fn
182130	2691	fn
181995	2691	fn
181999	41208	fn
181919	2691	fn
181911	16921	fn
181914	2272	fn
181975	64010	fn
181992	2691	fn
181948	31	fn
181943	128616	fn
181942	2691	fn
181941	27662	fn
182082	76875	fn
182079	58310	fn
182005	2691	fn
182086	31	fn
181973	2691	fn
182039	121852	fn
182036	31	fn
182033	16921	fn
182030	2691	fn
182031	8375	fn
181921	2691	fn
181922	121852	fn
182004	31	fn
182063	16921	fn
182064	31	fn
182077	31	fn
181951	2691	fn
181953	76875	fn
182090	57027	fn
182091	123063	fn
181908	64195	fn
182047	31	fn
181939	2691	fn
181932	2691	fn
181889	2691	fn
181804	2691	fn
181710	31	fn
181711	16921	fn
181715	6	fn
181743	38856	fn
181780	155890	fn
181736	122832	fn
181737	31	fn
181756	2272	fn
181757	45124	fn
181754	2691	fn
181758	56134	fn
181759	2691	fn
