80	11955	transitive
3831	34789	transitive
5612	160486	transitive
8400	22735	transitive
56900	73013	transitive
40083	73013	transitive
39771	73013	transitive
38978	73013	transitive
32962	73013	transitive
40083	56900	transitive
39771	56900	transitive
38978	56900	transitive
32962	56900	transitive
39771	40083	transitive
38978	40083	transitive
32962	40083	transitive
38978	39771	transitive
32962	39771	transitive
32962	38978	transitive
33051	84622	transitive
3154	4728	transitive
42611	57285	transitive
10772	53006	transitive
43912	49632	transitive
2445	28333	transitive
1137	73016	transitive
14	77646	transitive
3174	22297	transitive
6613	8159	transitive
14241	48772	transitive
44088	56521	transitive
5400	108932	transitive
9559	260775	transitive
13515	103163	transitive
9363	14	transitive
5091	12806	transitive
25414	57638	transitive
2275	39017	transitive
25425	45346	transitive
9325	91548	transitive
29337	59705	transitive
2275	39017	transitive
26521	100118	transitive
36121	35933	transitive
47170	74616	transitive
137357	141378	transitive
65386	222656	transitive
40720	53082	transitive
46711	167153	transitive
279	39017	transitive
114020	148347	transitive
339	26102	transitive
25723	32112	transitive
121276	121769	transitive
2275	39017	transitive
10377	44361	transitive
14	45919	transitive
227	40172	transitive
13594	16712	transitive
595	1328	transitive
2275	39017	transitive
1137	10252	transitive
3462	5228	transitive
14386	130569	transitive
2790	34580	transitive
116719	185181	transitive
4492	24655	transitive
2275	10083	transitive
35126	167366	transitive
3802	23832	transitive
11123	24785	transitive
19457	26690	transitive
14071	26690	transitive
14071	19457	transitive
9718	66666	transitive
11	66	transitive
32711	160336	transitive
82993	116443	transitive
14	34580	transitive
56512	56992	transitive
5396	45242	transitive
55779	170480	transitive
11542	30554	transitive
85783	229591	transitive
140407	164551	transitive
5769	24127	transitive
6087	127464	transitive
31091	25820	transitive
14881	33438	transitive
53245	66820	transitive
13172	33576	transitive
55965	120891	transitive
19651	32325	transitive
5339	7447	transitive
14	498	transitive
62415	125162	transitive
54055	165757	transitive
557	59810	transitive
14	107252	transitive
21561	28333	transitive
13449	65571	transitive
73862	272	transitive
1492	17235	transitive
5153	93852	transitive
8851	63845	transitive
633	16914	transitive
867	46953	transitive
40798	65747	transitive
4145	27731	transitive
14556	50182	transitive
5769	148438	transitive
17877	42161	transitive
7503	30862	transitive
55090	82993	transitive
18389	33703	transitive
13449	31705	transitive
50465	147904	transitive
3393	13593	transitive
17730	25820	transitive
30255	44195	transitive
14	1368	transitive
32739	85365	transitive
17489	142687	transitive
5339	50863	transitive
34580	48632	transitive
4548	118489	transitive
9813	36692	transitive
7262	9253	transitive
2030	11668	transitive
67895	139894	transitive
7278	36958	transitive
14	77646	transitive
128399	239723	transitive
11	53	transitive
58390	61747	transitive
11177	33576	transitive
32174	40284	transitive
23634	40284	transitive
23634	32174	transitive
45919	65799	transitive
291	67690	transitive
44088	49061	transitive
135785	156407	transitive
131439	156407	transitive
113707	156407	transitive
98497	156407	transitive
131439	135785	transitive
113707	135785	transitive
98497	135785	transitive
113707	131439	transitive
98497	131439	transitive
98497	113707	transitive
10772	53006	transitive
106480	110840	transitive
60209	94402	transitive
12213	31672	transitive
54819	24754	transitive
22576	54097	transitive
8351	22576	transitive
29780	45131	transitive
21633	36248	transitive
2275	39017	transitive
19237	49686	transitive
15413	17730	transitive
1137	108295	transitive
45	86385	transitive
16423	56545	transitive
2651	102038	transitive
45709	53073	transitive
18139	39309	transitive
68231	69231	transitive
9394	69231	transitive
9394	68231	transitive
2618	31705	transitive
12391	138968	transitive
258	8163	transitive
17445	27596	transitive
7770	53240	transitive
4327	57340	transitive
39982	95400	transitive
42444	44868	transitive
15035	76470	transitive
29227	74087	transitive
9577	32756	transitive
33468	210107	transitive
23279	50162	transitive
38985	50712	transitive
279	4666	transitive
6240	8351	transitive
78277	197578	transitive
6059	39349	transitive
3001	103444	transitive
45912	84513	transitive
784	121879	transitive
160157	166308	transitive
22856	172816	transitive
227111	295937	transitive
41828	68608	transitive
5225	89265	transitive
14	89265	transitive
14	5225	transitive
55437	196555	transitive
31091	25820	transitive
39071	291703	transitive
40915	100354	transitive
19237	87918	transitive
30783	57141	transitive
174399	175264	transitive
165079	175264	transitive
165079	174399	transitive
40615	43790	transitive
18624	43790	transitive
11353	43790	transitive
18624	40615	transitive
11353	40615	transitive
11353	18624	transitive
16519	31672	transitive
52432	73658	transitive
148	44630	transitive
1260	78154	transitive
59101	208429	transitive
1072	98704	transitive
7853	33841	transitive
96363	123670	transitive
88664	123670	transitive
60252	123670	transitive
50902	123670	transitive
6899	123670	transitive
31096	123670	transitive
31109	123670	transitive
88664	96363	transitive
60252	96363	transitive
50902	96363	transitive
6899	96363	transitive
31096	96363	transitive
31109	96363	transitive
60252	88664	transitive
50902	88664	transitive
6899	88664	transitive
31096	88664	transitive
31109	88664	transitive
50902	60252	transitive
6899	60252	transitive
31096	60252	transitive
31109	60252	transitive
6899	50902	transitive
31096	50902	transitive
31109	50902	transitive
31096	6899	transitive
31109	6899	transitive
31109	31096	transitive
198709	200952	transitive
9559	20792	transitive
37412	38402	transitive
7853	33841	transitive
28422	32325	transitive
39153	82993	transitive
33896	51916	transitive
28115	32867	transitive
34612	36851	transitive
76174	100782	transitive
14	4616	transitive
45104	225658	transitive
18859	84973	transitive
6388	131219	transitive
128067	241828	transitive
2275	4666	transitive
279	4666	transitive
279	2275	transitive
23592	118969	transitive
14	25348	transitive
28556	39017	transitive
55780	89842	transitive
2275	39017	transitive
24628	10178	transitive
61113	162446	transitive
36511	39982	transitive
117531	163768	transitive
130800	152843	transitive
279	2275	transitive
1137	108295	transitive
73476	177333	transitive
3129	26431	transitive
12859	42059	transitive
8625	39017	transitive
2275	39017	transitive
23634	32174	transitive
9559	25414	transitive
42	819	transitive
14098	46015	transitive
339	12347	transitive
1137	10252	transitive
17078	31535	transitive
1449	9559	transitive
97154	142617	transitive
24777	67571	transitive
17275	86825	transitive
13187	43300	transitive
44361	209909	transitive
4095	58092	transitive
3879	10943	transitive
22609	169249	transitive
7938	52438	transitive
5036	31301	transitive
6862	26234	transitive
6185	6817	transitive
531	50712	transitive
25820	37955	transitive
14	3964	transitive
6948	76554	transitive
49483	50904	transitive
13423	50747	transitive
10606	35815	transitive
32573	97232	transitive
1914	82329	transitive
5767	39349	transitive
69028	114442	transitive
19796	160320	transitive
6438	7201	transitive
35126	67487	transitive
128668	153045	transitive
7210	22662	transitive
2275	39017	transitive
19651	32325	transitive
19105	93859	transitive
12821	25247	transitive
11539	25247	transitive
2053	25247	transitive
11539	12821	transitive
2053	12821	transitive
2053	11539	transitive
51163	173938	transitive
297468	218567	fn
297469	89796	fn
297463	218567	fn
297460	339	fn
297436	139873	fn
297493	218567	fn
297498	139873	fn
297486	2110	fn
297422	218567	fn
297480	158668	fn
297481	218567	fn
297482	218567	fn
297483	25249	fn
297488	218567	fn
297457	218567	fn
297447	218567	fn
297421	1319	fn
297522	1319	fn
297282	218567	fn
297283	128226	fn
297285	158668	fn
297288	218567	fn
297321	1319	fn
297163	218567	fn
297160	218567	fn
297095	218567	fn
297222	218567	fn
297110	218567	fn
297066	39867	fn
297073	102878	fn
297072	1319	fn
297075	218567	fn
297078	139873	fn
297211	59702	fn
297217	1319	fn
297169	218567	fn
297209	218567	fn
297202	218567	fn
297200	218567	fn
297207	218567	fn
297178	102878	fn
297122	102878	fn
297121	218567	fn
297093	218567	fn
297130	218567	fn
297138	97296	fn
297139	339	fn
297131	218567	fn
296871	1307	fn
297026	218567	fn
297024	218567	fn
296968	102878	fn
296965	218567	fn
296960	218567	fn
296962	158668	fn
296979	1319	fn
296878	218567	fn
296909	158668	fn
296907	218567	fn
296975	218567	fn
296974	2110	fn
297012	553	fn
296995	68732	fn
296990	218567	fn
296961	218567	fn
297008	218567	fn
297009	218567	fn
297000	158668	fn
297002	218567	fn
297003	218567	fn
297007	1319	fn
296874	218567	fn
296980	50422	fn
297025	2110	fn
297023	70436	fn
296915	1319	fn
296858	1319	fn
296857	1319	fn
296928	218567	fn
296929	218567	fn
296924	69991	fn
296926	339	fn
296927	59702	fn
296702	2110	fn
296706	218567	fn
296707	218567	fn
296709	218567	fn
296767	24834	fn
296752	1319	fn
296757	1319	fn
296756	139873	fn
296758	218567	fn
296848	218567	fn
296737	218567	fn
296733	218567	fn
296732	218567	fn
296744	2110	fn
296825	339	fn
296823	218567	fn
296692	168807	fn
296644	139873	fn
296647	218567	fn
296643	218567	fn
296653	142210	fn
296568	1319	fn
296569	102878	fn
296564	2110	fn
296566	218567	fn
296536	22131	fn
296479	218567	fn
296477	218567	fn
296571	215373	fn
296581	1319	fn
296540	97808	fn
296528	139873	fn
296524	218567	fn
296521	218567	fn
296487	218567	fn
296488	218567	fn
296469	102878	fn
296462	1319	fn
296511	218567	fn
296512	89963	fn
296515	2110	fn
296491	218567	fn
296492	218567	fn
296499	158668	fn
296486	218567	fn
296588	1319	fn
296584	218567	fn
296500	218567	fn
296508	52542	fn
296509	1319	fn
296620	102878	fn
296627	218567	fn
296344	102878	fn
296345	218567	fn
296325	158668	fn
296316	218567	fn
296319	139873	fn
296459	2110	fn
296377	218567	fn
296436	218567	fn
296437	102878	fn
296434	2110	fn
296438	184117	fn
296368	218567	fn
296331	128454	fn
296337	218567	fn
296442	218567	fn
296235	1319	fn
296209	2110	fn
296205	1319	fn
296202	339	fn
296276	59036	fn
296271	218567	fn
296216	218567	fn
296217	213967	fn
296238	218567	fn
296287	218567	fn
296282	218567	fn
296288	102878	fn
296014	218567	fn
296027	218567	fn
296020	218567	fn
296028	1319	fn
296054	2110	fn
296056	1319	fn
296059	218567	fn
296055	218567	fn
296128	97808	fn
296129	218567	fn
296085	218567	fn
296081	1092	fn
296052	218567	fn
296178	218567	fn
296037	1319	fn
296035	97808	fn
296032	218567	fn
296030	1319	fn
296061	102878	fn
296063	183896	fn
295890	218567	fn
295831	1319	fn
295804	339	fn
295943	218567	fn
295946	218567	fn
295918	339	fn
295832	218567	fn
295886	1319	fn
295885	218567	fn
295882	218567	fn
295922	218567	fn
295929	218567	fn
295898	218567	fn
295935	218567	fn
296002	218567	fn
295871	64	fn
295877	2110	fn
295994	218567	fn
295995	218567	fn
295867	339	fn
295862	147966	fn
295863	48326	fn
295785	218567	fn
295972	1319	fn
295788	218567	fn
295851	339	fn
295850	52987	fn
295853	101326	fn
295856	218567	fn
295793	1319	fn
295796	218567	fn
295978	218567	fn
295976	339	fn
295975	218567	fn
295842	218567	fn
295846	158668	fn
295811	218567	fn
295934	46386	fn
295907	153783	fn
295903	218567	fn
295900	218567	fn
295905	218567	fn
295589	218567	fn
295653	102878	fn
295751	339	fn
295704	218567	fn
295639	218567	fn
295635	139873	fn
295636	218567	fn
295641	121937	fn
295697	218567	fn
295691	218567	fn
295690	218567	fn
295654	139081	fn
295714	218567	fn
295628	218567	fn
295626	218567	fn
295624	218567	fn
295621	218567	fn
295670	218567	fn
295618	200786	fn
295438	139873	fn
295577	218567	fn
295575	218567	fn
295579	218567	fn
295385	218567	fn
295384	218567	fn
295489	218567	fn
295521	218567	fn
295520	218567	fn
295523	18760	fn
295444	4026	fn
295443	218567	fn
295441	192467	fn
295411	2110	fn
295416	339	fn
295373	218567	fn
295543	1319	fn
295377	212181	fn
295372	126566	fn
295434	218567	fn
295402	218567	fn
295516	102878	fn
295519	218567	fn
295551	218567	fn
295552	218567	fn
295501	218567	fn
295506	1319	fn
295478	218567	fn
295476	1319	fn
295475	102878	fn
295473	218567	fn
295244	139873	fn
295245	102878	fn
295247	158668	fn
295218	218567	fn
295212	218567	fn
295214	218567	fn
295338	218567	fn
295271	1319	fn
295273	26575	fn
295362	339	fn
295205	218567	fn
295201	159118	fn
295291	102878	fn
295296	69743	fn
295216	218567	fn
295304	339	fn
295301	73474	fn
295344	218567	fn
295347	218567	fn
295280	218567	fn
295257	218567	fn
295285	102878	fn
295286	218567	fn
295281	218567	fn
295195	2110	fn
295198	218567	fn
295199	34482	fn
295351	218567	fn
295357	36295	fn
295259	2110	fn
295062	21394	fn
295177	218567	fn
295058	1092	fn
295049	1319	fn
295104	218567	fn
295043	218567	fn
295044	218567	fn
295141	218567	fn
295184	218567	fn
295157	139873	fn
295150	2110	fn
295153	165230	fn
295183	158668	fn
294974	218567	fn
294972	147966	fn
294979	218567	fn
294906	218567	fn
294900	24219	fn
294901	218567	fn
294902	218567	fn
294903	218567	fn
295019	139873	fn
295015	218567	fn
295017	1319	fn
294808	218567	fn
294787	339	fn
294784	218567	fn
294788	159118	fn
294878	218567	fn
294884	1319	fn
294881	2110	fn
294883	218567	fn
294891	218567	fn
294778	134638	fn
294775	2110	fn
294770	218567	fn
294752	218567	fn
294758	218567	fn
294839	218567	fn
294831	218567	fn
294835	158668	fn
294790	34482	fn
294795	218567	fn
294794	218567	fn
294797	52542	fn
294769	218567	fn
294656	55246	fn
294732	139873	fn
294620	102878	fn
294623	1319	fn
294547	158668	fn
294540	1756	fn
294560	1979	fn
294561	139873	fn
294567	218567	fn
294564	218567	fn
294611	218567	fn
294707	147966	fn
294654	218567	fn
294602	37254	fn
294617	339	fn
294545	218567	fn
294552	218567	fn
294740	218567	fn
294401	218567	fn
294535	95581	fn
294350	339	fn
294525	2110	fn
294521	29049	fn
294499	218567	fn
294493	218567	fn
294491	44486	fn
294379	339	fn
294172	158668	fn
294345	1319	fn
294138	218567	fn
294228	218567	fn
294224	34482	fn
294223	218567	fn
294222	218567	fn
294256	218567	fn
294253	1319	fn
294195	102878	fn
294328	218567	fn
294321	1319	fn
294237	2110	fn
294235	553	fn
294233	218567	fn
294231	102878	fn
293978	218567	fn
293979	39017	fn
293977	218567	fn
293970	218567	fn
294016	218567	fn
294010	2110	fn
294048	218567	fn
294040	218567	fn
293945	218567	fn
293948	218567	fn
294015	1319	fn
294095	218567	fn
294092	94889	fn
293957	36480	fn
293981	1319	fn
293983	102878	fn
293988	218567	fn
294081	218567	fn
294031	15237	fn
292827	218567	fn
293926	218567	fn
292891	139873	fn
292880	339	fn
292803	218567	fn
292866	128454	fn
292860	218567	fn
292862	218567	fn
292816	2110	fn
292812	218567	fn
292875	102878	fn
292745	218567	fn
292713	102878	fn
292692	102878	fn
292711	218567	fn
292716	175598	fn
292662	2110	fn
292661	218567	fn
292669	218567	fn
292704	218567	fn
292707	218567	fn
292700	218567	fn
292702	218567	fn
292703	1319	fn
292760	102878	fn
292672	218567	fn
292731	218567	fn
292735	1319	fn
292736	218567	fn
292739	218567	fn
292738	218567	fn
292774	218567	fn
292773	218567	fn
292786	158668	fn
292780	218567	fn
292788	1319	fn
292789	158668	fn
292686	218567	fn
292655	218567	fn
292753	1319	fn
292758	339	fn
292684	218567	fn
292474	218567	fn
292475	119444	fn
292479	218567	fn
292505	218567	fn
292502	218567	fn
292501	218567	fn
292624	218567	fn
292623	70436	fn
292620	218567	fn
292552	1319	fn
292554	218567	fn
292559	218567	fn
292630	1319	fn
292518	218567	fn
292541	218567	fn
292549	203364	fn
292592	218567	fn
292606	102878	fn
292628	218567	fn
292586	218567	fn
292584	218567	fn
292582	218567	fn
292583	218567	fn
292589	218567	fn
292616	218567	fn
292528	218567	fn
292525	218567	fn
292526	2110	fn
292487	218567	fn
292641	2110	fn
292643	34482	fn
292642	102878	fn
292645	128454	fn
292575	218567	fn
292465	102878	fn
292467	218567	fn
292337	218567	fn
292348	218567	fn
292343	102878	fn
292458	1319	fn
292397	218567	fn
292394	1319	fn
292407	102878	fn
292366	218567	fn
292409	52542	fn
292377	218567	fn
292383	34482	fn
292384	159118	fn
292386	218567	fn
292274	55461	fn
292451	1319	fn
292316	218567	fn
292314	52542	fn
292313	218567	fn
292319	126235	fn
292318	218567	fn
292432	52542	fn
292430	102878	fn
292360	218567	fn
292461	102878	fn
292340	60535	fn
292308	48964	fn
292300	218567	fn
292353	34482	fn
292352	940	fn
292351	218567	fn
292257	218567	fn
292130	39867	fn
292200	218567	fn
292203	218567	fn
292180	55246	fn
292222	39867	fn
292119	218567	fn
292112	102878	fn
292262	218567	fn
292261	218567	fn
292091	218567	fn
292101	1319	fn
292104	218567	fn
292260	1319	fn
292220	218567	fn
292225	218567	fn
292210	217797	fn
292189	55246	fn
292176	139873	fn
292171	102878	fn
292244	218567	fn
292247	218567	fn
292085	218567	fn
292031	218567	fn
292037	218567	fn
291912	218567	fn
291985	139873	fn
292049	139873	fn
292047	218567	fn
292046	3682	fn
292041	218567	fn
291932	91544	fn
291931	218567	fn
292053	218567	fn
292057	218567	fn
291946	164158	fn
291941	218567	fn
292001	1319	fn
292009	55246	fn
292008	218567	fn
291958	218567	fn
292011	218567	fn
292012	218567	fn
291786	96954	fn
291885	218567	fn
291888	218567	fn
291894	102878	fn
291896	339	fn
291798	127327	fn
291674	102878	fn
291666	2110	fn
291662	218567	fn
291663	128454	fn
291701	218567	fn
291631	139873	fn
291632	218567	fn
291692	218567	fn
291690	339	fn
291697	218567	fn
291638	139873	fn
291630	218567	fn
291698	139873	fn
291693	218567	fn
291468	218567	fn
291531	60535	fn
291577	218567	fn
291459	218567	fn
291456	102878	fn
291507	218567	fn
291503	553	fn
291443	218567	fn
291499	218567	fn
291495	218567	fn
291490	218567	fn
291514	218567	fn
291568	218567	fn
291541	218567	fn
291433	218567	fn
291432	218567	fn
291489	60535	fn
291525	218567	fn
291526	218567	fn
291523	218567	fn
291242	218567	fn
291296	218567	fn
291291	102878	fn
291318	218567	fn
291314	339	fn
291224	1319	fn
291369	139873	fn
291366	218567	fn
291197	218567	fn
291198	218567	fn
291268	101631	fn
291372	102878	fn
291377	218567	fn
291332	218567	fn
291200	218567	fn
291204	339	fn
291205	218567	fn
291208	1319	fn
291209	218567	fn
291288	218567	fn
291165	139873	fn
291056	218567	fn
291028	2110	fn
291023	218567	fn
291083	339	fn
291191	218567	fn
291146	218567	fn
291068	1319	fn
290854	55437	fn
290965	218567	fn
290830	218567	fn
290934	218567	fn
290933	339	fn
290932	218567	fn
290842	339	fn
290904	218567	fn
290906	339	fn
290927	158668	fn
290923	80	fn
290920	102878	fn
290891	218567	fn
290972	218567	fn
290975	33758	fn
290978	218567	fn
290986	218567	fn
290989	218567	fn
291012	553	fn
290866	218567	fn
290884	218567	fn
291004	218567	fn
290827	218567	fn
290878	218567	fn
290959	1319	fn
290911	218567	fn
290918	1319	fn
290890	39017	fn
290895	218567	fn
290907	218567	fn
290877	1319	fn
290857	218567	fn
290847	218567	fn
290942	218567	fn
290943	102878	fn
290704	102878	fn
290702	180648	fn
290705	339	fn
290758	32755	fn
290753	218567	fn
290752	218567	fn
290805	218567	fn
290749	218567	fn
290659	218567	fn
290727	218567	fn
290776	218567	fn
290664	25701	fn
290823	1319	fn
290821	2110	fn
290694	218567	fn
290695	2110	fn
290696	218567	fn
290697	1319	fn
290767	22131	fn
290479	139873	fn
290476	218567	fn
290470	218567	fn
290599	218567	fn
290593	218567	fn
290583	218567	fn
290555	118244	fn
290550	218567	fn
290365	100024	fn
290339	218567	fn
290388	1319	fn
290383	1319	fn
290387	99142	fn
290410	218567	fn
290418	34482	fn
290412	218567	fn
290411	218567	fn
290206	218567	fn
290241	218567	fn
290005	1319	fn
290134	218567	fn
290131	218567	fn
290133	218567	fn
290138	218567	fn
290141	1319	fn
290012	218567	fn
290013	3	fn
290016	218567	fn
290065	218567	fn
290062	218567	fn
290061	218567	fn
290081	218567	fn
290084	218567	fn
290086	339	fn
290075	218567	fn
290077	59403	fn
290125	218567	fn
290026	218567	fn
290025	2110	fn
290024	218567	fn
290078	1319	fn
290119	1319	fn
290118	2110	fn
290114	150114	fn
290113	32824	fn
289991	34482	fn
290093	218567	fn
290041	1319	fn
290042	339	fn
290079	130325	fn
290089	82326	fn
290035	218567	fn
290033	218567	fn
290103	102878	fn
290105	218567	fn
290106	218567	fn
290108	218567	fn
289851	218567	fn
289859	218567	fn
289949	218567	fn
289887	218567	fn
289973	4026	fn
289785	158668	fn
289865	218567	fn
289915	218567	fn
289910	339	fn
289913	218567	fn
289929	218567	fn
289890	218567	fn
289893	218567	fn
289897	49414	fn
289809	102878	fn
289767	218567	fn
289630	218567	fn
289773	218567	fn
289667	218567	fn
289663	218567	fn
289763	39017	fn
289769	218567	fn
289684	218567	fn
289673	1319	fn
289675	218567	fn
289578	218567	fn
289717	47270	fn
289716	102878	fn
289715	158668	fn
289714	218567	fn
289713	218567	fn
289690	218567	fn
289691	218567	fn
289695	139873	fn
289649	58098	fn
289644	218567	fn
289643	339	fn
289639	50015	fn
289632	2110	fn
289738	218567	fn
289735	218567	fn
289687	218567	fn
289624	102878	fn
289635	139873	fn
289747	218567	fn
289489	139873	fn
289436	102590	fn
289437	218567	fn
289492	73016	fn
289416	52542	fn
289442	102878	fn
289406	218567	fn
289380	218567	fn
289388	218567	fn
289284	218567	fn
289281	339	fn
289357	124411	fn
289356	102878	fn
289353	218567	fn
289245	218567	fn
289280	41116	fn
289391	218567	fn
289344	218567	fn
289345	7735	fn
289347	1319	fn
289259	218567	fn
289255	218567	fn
289314	218567	fn
289100	218567	fn
289157	57732	fn
289156	218567	fn
289224	218567	fn
289142	218567	fn
289149	1319	fn
289195	31334	fn
289196	102878	fn
289222	218567	fn
289208	128454	fn
289134	158668	fn
289024	218567	fn
289020	139873	fn
289065	339	fn
289081	218567	fn
289038	218567	fn
289035	1319	fn
289032	218567	fn
289031	218567	fn
289067	1319	fn
289069	218567	fn
289000	34482	fn
289071	2110	fn
289008	218567	fn
288845	218567	fn
288846	218567	fn
288842	218567	fn
288885	218567	fn
288886	218567	fn
288969	218567	fn
288875	218567	fn
288874	218567	fn
288876	218567	fn
288919	218567	fn
288930	2110	fn
288932	218567	fn
288905	218567	fn
288943	218567	fn
288858	218567	fn
288853	218567	fn
288857	1319	fn
288855	339	fn
288950	339	fn
288829	102878	fn
288764	1319	fn
288798	218567	fn
288794	218567	fn
288797	218567	fn
288657	128454	fn
288770	218567	fn
288688	36295	fn
288659	102878	fn
288656	1319	fn
288815	55437	fn
288814	218567	fn
288810	147966	fn
288818	218567	fn
288709	139873	fn
288704	163852	fn
288755	218567	fn
288757	218567	fn
288825	1319	fn
288699	218567	fn
288782	102878	fn
288620	218567	fn
288626	1319	fn
288610	218567	fn
288553	218567	fn
288557	218567	fn
288584	163852	fn
288587	139873	fn
288527	218567	fn
288526	1319	fn
288567	218567	fn
288566	218567	fn
288604	218567	fn
288605	218567	fn
288609	56313	fn
288638	218567	fn
288634	1319	fn
288508	218567	fn
288502	218567	fn
288424	59192	fn
288358	139873	fn
288350	1319	fn
288355	218567	fn
288305	339	fn
288470	339	fn
288457	102878	fn
288364	218567	fn
288367	218567	fn
288299	339	fn
288291	218567	fn
288294	139873	fn
288319	1319	fn
288315	218567	fn
288448	1319	fn
288376	218567	fn
288373	291118	fn
288371	218567	fn
288283	218567	fn
288280	218567	fn
288286	218567	fn
288419	218567	fn
288382	102878	fn
288387	139873	fn
288384	1319	fn
288336	218567	fn
288338	39017	fn
288337	1319	fn
288467	139873	fn
288468	218567	fn
288393	158668	fn
288399	102878	fn
288347	1319	fn
288439	2110	fn
288433	553	fn
288432	19922	fn
290675	218567	fn
288249	218567	fn
288245	218567	fn
288173	2110	fn
288175	218567	fn
288268	102878	fn
288202	218567	fn
288205	1319	fn
288126	128454	fn
288198	218567	fn
288192	218567	fn
288190	218567	fn
288191	218567	fn
288144	218567	fn
288147	218567	fn
288146	218567	fn
288142	160238	fn
288149	218567	fn
288148	18848	fn
288170	154751	fn
288272	218567	fn
288271	1319	fn
288270	130641	fn
288111	339	fn
288116	102878	fn
288213	218567	fn
288216	339	fn
288218	163852	fn
288108	218567	fn
287999	218567	fn
287994	218567	fn
288093	218567	fn
288090	339	fn
288097	139873	fn
288048	43912	fn
288068	218567	fn
288061	218567	fn
287992	218567	fn
287937	128454	fn
287945	218567	fn
287928	158668	fn
287925	218567	fn
287923	218567	fn
287973	218567	fn
287975	218567	fn
287976	218567	fn
287866	102878	fn
287869	50422	fn
287868	218567	fn
287962	2110	fn
287882	218567	fn
287884	218567	fn
287879	218567	fn
287927	218567	fn
287917	218567	fn
287911	218567	fn
287895	218567	fn
287876	139873	fn
287904	147966	fn
287959	218567	fn
287958	339	fn
287957	218567	fn
287856	218567	fn
287857	2110	fn
287855	102878	fn
287748	139873	fn
287799	218567	fn
287795	218567	fn
287791	2110	fn
287739	48772	fn
287738	218567	fn
287732	1319	fn
287784	2110	fn
287777	553	fn
287775	218567	fn
287778	139873	fn
287828	218567	fn
287821	339	fn
287820	218567	fn
287827	207754	fn
287825	218567	fn
287767	102878	fn
287760	218567	fn
287763	339	fn
287841	218567	fn
287843	218960	fn
287812	88362	fn
287579	88848	fn
287611	69991	fn
287617	218567	fn
287648	218567	fn
287566	218567	fn
287569	218567	fn
287539	218567	fn
287625	218567	fn
287654	218567	fn
287655	1319	fn
287653	158668	fn
287599	218567	fn
287687	218567	fn
287660	1319	fn
287663	138795	fn
287662	218567	fn
287665	151108	fn
287664	218567	fn
287581	218567	fn
287717	139873	fn
287712	158668	fn
287705	218567	fn
287700	218567	fn
287549	218567	fn
287512	1319	fn
287436	218567	fn
287504	218567	fn
287461	139873	fn
287411	1319	fn
287477	1319	fn
287473	218567	fn
287469	339	fn
287520	218567	fn
287390	34482	fn
287397	218567	fn
287428	218567	fn
287388	1319	fn
287223	218567	fn
287196	218567	fn
287194	218567	fn
287181	1319	fn
287186	218567	fn
287295	218567	fn
287296	339	fn
287292	139873	fn
287242	218567	fn
287241	1756	fn
287247	218567	fn
287249	218567	fn
287308	339	fn
287346	553	fn
287345	218567	fn
287305	218567	fn
287250	218567	fn
287078	139873	fn
287169	218567	fn
287064	218567	fn
287167	218567	fn
287080	218567	fn
287082	56448	fn
287090	218567	fn
287044	218567	fn
287040	1319	fn
287043	218567	fn
287121	218567	fn
287032	218567	fn
287033	218567	fn
287101	218567	fn
287151	218567	fn
287157	218567	fn
287047	1319	fn
287042	218567	fn
287056	218567	fn
287052	218567	fn
287137	1319	fn
286917	139873	fn
286981	164991	fn
286985	1319	fn
286915	218567	fn
287013	218567	fn
286979	218567	fn
286921	102878	fn
286845	1319	fn
286815	218567	fn
286778	218567	fn
286805	218567	fn
286741	1319	fn
286743	162622	fn
286747	1319	fn
286838	218567	fn
286752	34482	fn
286756	218567	fn
286819	218567	fn
286812	218567	fn
286674	218567	fn
286673	339	fn
286670	1319	fn
286672	218567	fn
286730	218567	fn
286733	1319	fn
286600	7977	fn
286603	339	fn
286662	22131	fn
286637	1319	fn
286709	218567	fn
286702	139873	fn
286643	339	fn
286648	218567	fn
286718	218567	fn
286583	44065	fn
286588	218567	fn
286620	218567	fn
286626	3345	fn
286440	218567	fn
286446	218567	fn
286447	147966	fn
286542	218567	fn
286498	218567	fn
286510	218567	fn
286514	102878	fn
286537	218567	fn
286436	218567	fn
286435	218567	fn
286431	218567	fn
286456	2110	fn
286474	102667	fn
286397	218567	fn
286506	218567	fn
286563	34482	fn
286411	102878	fn
286412	218567	fn
286418	2110	fn
286465	43912	fn
286516	1319	fn
286523	102878	fn
286405	218567	fn
286403	218567	fn
286463	339	fn
286512	218567	fn
286546	139873	fn
286248	218567	fn
286249	218567	fn
286295	218567	fn
286317	1319	fn
286314	218567	fn
286315	218567	fn
286224	55437	fn
286271	1319	fn
286384	218567	fn
286372	40977	fn
286258	218567	fn
286357	1319	fn
286355	218567	fn
286351	218567	fn
286300	218567	fn
286307	139873	fn
286025	167307	fn
286027	218567	fn
286186	102878	fn
286017	218567	fn
286056	218567	fn
286031	2110	fn
286142	154751	fn
286120	14653	fn
286128	218567	fn
286103	218567	fn
286100	218567	fn
286032	102878	fn
286094	339	fn
286011	139873	fn
285850	218567	fn
285862	139873	fn
286007	218567	fn
286008	218567	fn
285860	218567	fn
285997	218567	fn
285989	34482	fn
285875	218567	fn
285955	218567	fn
285957	218567	fn
285951	218567	fn
285993	1319	fn
289425	218567	fn
285880	102878	fn
285946	218567	fn
285883	1319	fn
285812	218567	fn
285700	218567	fn
285703	102878	fn
285739	218567	fn
285795	95600	fn
285798	218567	fn
285801	35174	fn
285726	99679	fn
285582	158668	fn
285583	1319	fn
285532	180048	fn
285538	34482	fn
285587	218567	fn
285588	139873	fn
285589	52542	fn
285616	218567	fn
285612	218567	fn
285610	1319	fn
285671	97808	fn
285529	218567	fn
285624	158668	fn
285436	102878	fn
285466	339	fn
285480	218567	fn
285501	1319	fn
285455	195233	fn
285392	1319	fn
285321	218567	fn
285371	139241	fn
285381	218567	fn
285363	218567	fn
285361	218567	fn
285369	218567	fn
285366	218567	fn
285316	218567	fn
285315	1319	fn
285318	218567	fn
285297	102878	fn
285294	218567	fn
285301	339	fn
285303	16410	fn
285307	34482	fn
285357	218567	fn
285339	218567	fn
285157	102878	fn
285158	218567	fn
285212	102878	fn
285210	139873	fn
285211	218567	fn
285218	2110	fn
285276	339	fn
285227	218567	fn
285246	218567	fn
285234	150186	fn
285230	139873	fn
285145	14653	fn
285110	158668	fn
285105	218567	fn
285098	218567	fn
285090	1319	fn
285049	218567	fn
285045	218567	fn
285044	218567	fn
285103	218567	fn
285053	218567	fn
285059	2110	fn
285067	158668	fn
285149	218567	fn
285119	218567	fn
285130	39017	fn
285136	218567	fn
285074	34482	fn
285078	39017	fn
285025	218567	fn
285026	218567	fn
284939	218567	fn
284963	218567	fn
284875	218567	fn
284872	218567	fn
284858	218567	fn
284833	218567	fn
284799	218567	fn
284862	218567	fn
284890	55437	fn
284821	1319	fn
284819	102878	fn
284889	218567	fn
284857	1319	fn
284859	218567	fn
284893	1319	fn
284809	339	fn
284886	1319	fn
284841	218567	fn
284844	218567	fn
284791	218567	fn
284728	218567	fn
284748	218567	fn
284740	218567	fn
284757	218567	fn
284759	218567	fn
284708	139873	fn
284766	218567	fn
284762	218567	fn
284716	218567	fn
284710	218567	fn
284712	218567	fn
284718	339	fn
284719	102878	fn
284731	218567	fn
284773	218567	fn
284686	34482	fn
284654	39181	fn
284659	218567	fn
284658	162710	fn
284676	158668	fn
284640	218567	fn
284672	218567	fn
284656	102878	fn
284661	218567	fn
284664	218567	fn
284665	218567	fn
284627	218567	fn
284632	218567	fn
284630	139873	fn
284634	218567	fn
284519	339	fn
284571	82863	fn
284612	139873	fn
284581	217797	fn
284580	218567	fn
284582	39017	fn
284603	64756	fn
284600	158668	fn
284601	218567	fn
284606	218567	fn
284578	218567	fn
284570	102878	fn
284577	218567	fn
284528	102878	fn
284527	22131	fn
284445	218567	fn
284446	147966	fn
284440	218567	fn
284490	339	fn
284499	1319	fn
284496	219067	fn
284495	218567	fn
284492	155579	fn
284491	218567	fn
284515	218567	fn
284493	218567	fn
284472	218567	fn
284460	218567	fn
284385	115707	fn
284415	218567	fn
284413	218567	fn
284411	218567	fn
284498	218567	fn
284455	1319	fn
284454	218567	fn
284394	218567	fn
284409	339	fn
284256	218567	fn
284297	218567	fn
284298	218567	fn
284252	218567	fn
284313	102878	fn
284235	139873	fn
284234	218567	fn
284239	139873	fn
284286	218567	fn
284291	218567	fn
284275	218567	fn
284264	218567	fn
284260	158668	fn
284310	218567	fn
284282	2110	fn
284267	102878	fn
284377	218567	fn
284374	218567	fn
284378	553	fn
284167	12346	fn
284166	139873	fn
284169	218567	fn
284177	218567	fn
284221	163852	fn
284180	218567	fn
284019	158668	fn
284015	218567	fn
283970	218567	fn
284062	218567	fn
284055	2110	fn
284059	218567	fn
283960	218567	fn
284027	1319	fn
284028	218567	fn
283895	1319	fn
283929	158668	fn
283923	69991	fn
283838	218567	fn
283908	339	fn
283902	218567	fn
283942	218567	fn
283939	102878	fn
283938	139873	fn
283931	218567	fn
283847	218567	fn
283848	102878	fn
283918	67395	fn
283871	218567	fn
283729	29991	fn
283818	2110	fn
283742	218567	fn
283740	139873	fn
283748	339	fn
283691	218567	fn
283718	31190	fn
283706	218567	fn
283724	339	fn
283711	218567	fn
283814	39017	fn
283772	102878	fn
283771	1319	fn
283830	139873	fn
283832	139873	fn
283796	218567	fn
283763	218567	fn
283766	1319	fn
283523	139873	fn
283520	158668	fn
283570	12346	fn
283575	339	fn
283578	1319	fn
283648	218567	fn
283643	218567	fn
283563	218567	fn
283511	218567	fn
283536	339	fn
283540	339	fn
283629	218567	fn
283627	218567	fn
283626	194723	fn
283612	218567	fn
283548	218567	fn
283546	139873	fn
283419	1319	fn
283395	218567	fn
283467	339	fn
283466	218567	fn
283472	218567	fn
283474	139873	fn
283320	218567	fn
283429	218567	fn
283428	339	fn
283422	1319	fn
283379	102878	fn
283371	1319	fn
283364	218567	fn
283444	218567	fn
283442	175335	fn
283318	49414	fn
283314	218567	fn
283439	33468	fn
283430	218567	fn
283431	218567	fn
283291	1319	fn
283441	218567	fn
283360	49414	fn
283362	1319	fn
283456	218567	fn
283345	218567	fn
283458	218567	fn
283308	339	fn
283305	22431	fn
283405	1092	fn
283350	218567	fn
283357	1319	fn
283359	1756	fn
283187	218567	fn
283200	102878	fn
283208	218567	fn
283178	45569	fn
283176	218567	fn
283188	218567	fn
283183	218567	fn
283212	218567	fn
283215	139873	fn
283243	218567	fn
283242	128454	fn
283245	1319	fn
283168	218567	fn
283167	158668	fn
283163	139873	fn
283221	218567	fn
283220	102878	fn
283228	339	fn
283195	139873	fn
283128	218567	fn
283283	218567	fn
283232	270485	fn
283122	218567	fn
283125	218567	fn
283172	166058	fn
283151	42666	fn
283274	218567	fn
283197	218567	fn
283194	218567	fn
283155	218567	fn
283141	218567	fn
283142	218567	fn
283131	218567	fn
283130	1319	fn
283135	39017	fn
283134	214585	fn
283108	218567	fn
283107	1319	fn
283100	158668	fn
283102	139873	fn
282996	218567	fn
283002	218567	fn
282961	146750	fn
282967	218567	fn
283077	29658	fn
283070	1319	fn
282994	218567	fn
282997	139873	fn
283013	218567	fn
282972	97808	fn
282971	139873	fn
283048	158668	fn
283056	218567	fn
283057	218567	fn
282901	34482	fn
282898	66274	fn
282915	218567	fn
282917	218567	fn
282918	218567	fn
282900	218567	fn
282941	218567	fn
282946	128454	fn
282944	218567	fn
282949	218567	fn
282948	139873	fn
282902	218567	fn
282808	102667	fn
282763	218567	fn
282762	218567	fn
282802	139873	fn
282803	218567	fn
282779	218567	fn
282816	59362	fn
282834	218567	fn
282644	218567	fn
282645	218567	fn
282641	51433	fn
282713	218567	fn
282590	139873	fn
282663	55246	fn
282665	116678	fn
282668	218567	fn
282553	39181	fn
282554	139873	fn
282556	2110	fn
282699	218567	fn
282480	218567	fn
282486	14	fn
282485	1319	fn
282528	218567	fn
282521	218567	fn
282525	218567	fn
282399	1319	fn
282532	218567	fn
282535	218567	fn
282530	218567	fn
282446	218567	fn
282444	218567	fn
282445	218567	fn
282440	218567	fn
282449	339	fn
282419	339	fn
282371	218567	fn
282373	128454	fn
282379	218567	fn
282393	218567	fn
282384	218567	fn
282386	218567	fn
282381	1319	fn
282418	218567	fn
282416	102878	fn
282469	73591	fn
282430	1319	fn
282437	339	fn
282435	218567	fn
282439	39017	fn
282479	218567	fn
282219	102878	fn
282262	218567	fn
282368	218567	fn
282265	218567	fn
282230	218567	fn
282237	218567	fn
282238	14996	fn
282287	34482	fn
282311	218567	fn
282318	218567	fn
282291	158668	fn
282294	158668	fn
282340	218567	fn
282342	128454	fn
282347	218567	fn
282227	139873	fn
282225	1319	fn
282229	139873	fn
282350	158668	fn
282053	1319	fn
282106	158668	fn
282103	218567	fn
282146	102878	fn
282098	139873	fn
282090	69991	fn
282209	218567	fn
282117	339	fn
282160	102878	fn
282085	218567	fn
282083	1319	fn
282089	171997	fn
282127	218567	fn
282120	1319	fn
282087	218567	fn
282150	218567	fn
282187	218567	fn
282101	218567	fn
282076	218567	fn
282075	158668	fn
282067	218567	fn
282060	218567	fn
282062	218567	fn
282129	218567	fn
281899	218567	fn
281912	218567	fn
281966	139873	fn
282020	339	fn
281986	218567	fn
281988	218567	fn
282019	339	fn
282018	158668	fn
282015	128454	fn
281926	158668	fn
281977	339	fn
281975	1319	fn
281799	218567	fn
281829	218567	fn
281795	1319	fn
281615	218567	fn
281727	218567	fn
281723	218567	fn
281720	218567	fn
281649	218567	fn
281661	218567	fn
281628	218567	fn
281641	218567	fn
281643	218567	fn
281648	218567	fn
281631	218567	fn
281709	218567	fn
281654	218567	fn
281655	218567	fn
281650	1319	fn
281651	218567	fn
281568	218567	fn
281499	1319	fn
281583	218567	fn
281478	1319	fn
281490	1319	fn
281591	218567	fn
281592	1319	fn
281344	218567	fn
281371	178744	fn
281378	218567	fn
281452	2110	fn
281453	339	fn
281304	218567	fn
281365	1319	fn
281362	218567	fn
281360	218567	fn
281343	218567	fn
281335	218567	fn
281444	1319	fn
281279	55246	fn
281379	218567	fn
281432	218567	fn
281375	218567	fn
281392	3169	fn
281395	218567	fn
281459	102878	fn
281450	139873	fn
281455	218567	fn
281403	218567	fn
281402	1319	fn
281407	218567	fn
281406	339	fn
281461	339	fn
281193	218567	fn
281268	158668	fn
281261	102878	fn
281265	218567	fn
281078	218567	fn
281077	339	fn
281180	218567	fn
281120	218567	fn
281121	218567	fn
281127	139873	fn
281219	218567	fn
281214	2110	fn
281211	2110	fn
281089	553	fn
281088	100024	fn
281173	218567	fn
281172	1319	fn
281170	218567	fn
281174	11211	fn
281179	175924	fn
281243	218567	fn
281114	1319	fn
281111	173540	fn
281112	1319	fn
281274	218567	fn
281270	218567	fn
281099	2110	fn
281093	218567	fn
281096	218567	fn
280940	218567	fn
280995	80032	fn
280998	102878	fn
281014	218567	fn
281016	1319	fn
280945	218567	fn
280947	218567	fn
281049	212109	fn
281048	218567	fn
280932	218567	fn
281025	218567	fn
281021	218567	fn
281022	218567	fn
281055	158668	fn
281058	218567	fn
280908	35174	fn
280904	940	fn
281003	139873	fn
281032	102878	fn
281031	102878	fn
280930	218567	fn
280756	218567	fn
280739	218567	fn
280732	339	fn
280730	39017	fn
280731	218567	fn
280767	102878	fn
280864	52477	fn
280840	218567	fn
280713	218567	fn
280533	102878	fn
280535	218567	fn
280536	218567	fn
280537	2110	fn
280566	218567	fn
280576	218567	fn
280618	218567	fn
280615	218567	fn
280610	139873	fn
280612	34482	fn
280550	218567	fn
280556	218567	fn
280554	218567	fn
280672	1319	fn
280671	25928	fn
280669	218567	fn
280667	52542	fn
280677	39017	fn
280589	67663	fn
280694	59192	fn
280590	553	fn
280591	218567	fn
280527	218567	fn
280646	1319	fn
280385	2110	fn
280408	218567	fn
280407	218567	fn
280401	4275	fn
280502	218567	fn
280395	218567	fn
280494	218567	fn
280431	1319	fn
280422	218567	fn
280428	1319	fn
280485	218567	fn
280483	102878	fn
280488	218567	fn
280419	139873	fn
280411	218567	fn
280330	218567	fn
280294	84384	fn
280244	218567	fn
280351	59036	fn
280359	139873	fn
280306	218567	fn
280271	1319	fn
280367	218567	fn
280317	2110	fn
280310	139873	fn
280313	218567	fn
280263	218567	fn
280265	218567	fn
280266	139873	fn
280269	2110	fn
280234	218567	fn
280376	218567	fn
280373	2110	fn
280371	49414	fn
280227	115076	fn
280284	218567	fn
280061	218567	fn
280069	15450	fn
280189	339	fn
280180	218567	fn
280183	218567	fn
280184	218567	fn
280187	52542	fn
280141	147966	fn
280052	34482	fn
280202	139873	fn
280201	99124	fn
280204	218567	fn
280173	339	fn
280128	218567	fn
280122	1319	fn
280179	213967	fn
280198	218567	fn
280131	102878	fn
280056	1319	fn
280157	218567	fn
280153	218567	fn
280097	139873	fn
280096	2110	fn
280094	218567	fn
280091	218567	fn
280110	97808	fn
280119	39017	fn
280026	218567	fn
280027	218567	fn
280018	157267	fn
279910	1319	fn
279880	218567	fn
279967	1319	fn
279965	102878	fn
279895	139873	fn
280017	97808	fn
280016	69991	fn
280013	218567	fn
280012	159118	fn
280010	218567	fn
279986	218567	fn
279979	102878	fn
279922	1319	fn
279921	218567	fn
279927	102878	fn
279994	218567	fn
279941	218567	fn
279948	1319	fn
279932	218567	fn
279951	218567	fn
280045	218567	fn
280009	218567	fn
279993	1319	fn
279996	218567	fn
279995	218567	fn
279909	102878	fn
279908	2110	fn
279968	218567	fn
279846	339	fn
279772	218567	fn
279776	139873	fn
279774	29227	fn
279775	218567	fn
279709	2462	fn
279845	218567	fn
279695	217797	fn
279696	218567	fn
279737	218567	fn
279799	218567	fn
279832	114441	fn
279586	218567	fn
279604	218567	fn
279526	218567	fn
279525	218567	fn
279520	218567	fn
279653	218567	fn
279596	218567	fn
279531	1319	fn
279533	218567	fn
279535	218567	fn
279537	18848	fn
279636	1319	fn
279632	180648	fn
279647	339	fn
279561	218567	fn
279631	218567	fn
279544	184117	fn
279571	218567	fn
279578	218567	fn
279600	102878	fn
279516	218567	fn
279625	1319	fn
279627	19242	fn
279540	13492	fn
279546	139873	fn
281464	218567	fn
279671	218567	fn
279677	2110	fn
279560	1319	fn
279552	218567	fn
279553	218567	fn
279666	139873	fn
279661	218567	fn
279417	139873	fn
279479	218567	fn
279477	218567	fn
279471	218567	fn
279480	1319	fn
279504	218567	fn
279467	218567	fn
279464	218567	fn
279465	218567	fn
279463	218567	fn
279431	218567	fn
279435	2110	fn
279432	1319	fn
279510	139873	fn
279499	102878	fn
279481	102878	fn
279447	218567	fn
279457	1319	fn
279452	218567	fn
279451	2110	fn
279291	218567	fn
279282	218567	fn
279320	218567	fn
279399	1319	fn
279390	39017	fn
279343	218567	fn
279340	218567	fn
279350	102878	fn
279359	218567	fn
279326	34482	fn
279307	158668	fn
279309	102878	fn
279365	1319	fn
279367	70436	fn
279368	218567	fn
279387	163852	fn
279290	102878	fn
279292	218567	fn
279157	218567	fn
279151	1319	fn
279233	339	fn
279238	1319	fn
279100	218567	fn
279109	218567	fn
279226	218567	fn
279098	1319	fn
279229	158668	fn
279112	218567	fn
279117	218567	fn
279118	218567	fn
279246	218567	fn
279244	69991	fn
279242	218567	fn
279240	39017	fn
279249	139873	fn
279111	62408	fn
279160	39017	fn
279135	218567	fn
279237	218567	fn
279182	218567	fn
279187	102667	fn
279208	102878	fn
279207	139873	fn
279179	102878	fn
279176	36817	fn
279128	41209	fn
279125	218567	fn
279124	218567	fn
279198	218567	fn
279193	218567	fn
279190	218567	fn
279196	218567	fn
279194	218567	fn
279138	218567	fn
279132	218567	fn
278928	218567	fn
278927	102878	fn
279025	218567	fn
279022	218567	fn
279072	218567	fn
279083	1319	fn
279085	218567	fn
278953	55437	fn
278952	138930	fn
278942	2110	fn
278944	218567	fn
279012	218567	fn
278996	218567	fn
278954	218567	fn
278934	218567	fn
278933	218567	fn
278938	218567	fn
279008	218567	fn
279000	104165	fn
278831	183032	fn
278865	218567	fn
278864	218567	fn
278866	218567	fn
278909	218567	fn
278904	1319	fn
278902	218567	fn
278901	2110	fn
278790	139873	fn
278799	218567	fn
278868	139873	fn
278877	163852	fn
278885	102878	fn
278813	218567	fn
278842	102878	fn
278847	1319	fn
278599	218567	fn
278598	139873	fn
278755	218567	fn
278653	1319	fn
278658	34482	fn
278771	139873	fn
278774	218567	fn
278777	218567	fn
278660	218567	fn
278765	218567	fn
278703	22131	fn
278704	218567	fn
278683	128559	fn
278682	339	fn
278687	218567	fn
278686	102878	fn
278673	1319	fn
278674	218567	fn
278679	218567	fn
278618	55246	fn
278628	218567	fn
278677	158668	fn
278450	47704	fn
278586	97296	fn
278577	339	fn
278574	102878	fn
278578	218567	fn
278469	218567	fn
278547	218567	fn
278569	139873	fn
278564	553	fn
278534	218567	fn
278472	139873	fn
278470	218567	fn
278531	218567	fn
278428	218567	fn
278556	34482	fn
278551	34482	fn
278553	218567	fn
278527	22131	fn
278439	218567	fn
278543	218567	fn
278511	218567	fn
278510	218567	fn
278514	218567	fn
278497	218567	fn
278493	218567	fn
278447	218567	fn
278386	218567	fn
278380	56448	fn
278382	218567	fn
278383	218567	fn
278325	1319	fn
278357	102878	fn
278416	218567	fn
278346	218567	fn
278349	158668	fn
278313	1319	fn
278310	218567	fn
278365	102878	fn
278369	218567	fn
278376	2110	fn
278372	6448	fn
278361	218567	fn
278335	218567	fn
278334	37181	fn
278337	218567	fn
278336	102878	fn
278399	218567	fn
278227	218567	fn
278216	52542	fn
278217	218567	fn
278213	339	fn
278211	218567	fn
278087	39017	fn
278081	218567	fn
278064	218567	fn
278066	218567	fn
278115	218567	fn
278019	218567	fn
278131	1319	fn
278130	218567	fn
278040	69991	fn
278044	41116	fn
278028	218567	fn
278054	39017	fn
278121	128454	fn
278126	218567	fn
277876	218567	fn
277878	218567	fn
277972	102878	fn
277889	158668	fn
277926	218567	fn
277929	218567	fn
278006	218567	fn
278004	218567	fn
278003	218567	fn
277994	16204	fn
277997	218567	fn
277990	1319	fn
277991	110042	fn
277992	139873	fn
277902	2110	fn
277906	218567	fn
277988	102878	fn
277950	339	fn
277884	218567	fn
277885	339	fn
277742	218567	fn
277747	218567	fn
277746	218567	fn
277758	218567	fn
277750	49414	fn
277804	218567	fn
277830	1319	fn
277781	218567	fn
277859	1319	fn
277848	218567	fn
277846	218567	fn
277811	218567	fn
277760	218567	fn
277837	1319	fn
277705	139873	fn
277704	102878	fn
277701	218567	fn
277801	218567	fn
277805	112391	fn
277833	102878	fn
277572	2110	fn
277560	218567	fn
277565	218567	fn
277564	142210	fn
277567	218567	fn
277685	218567	fn
277686	218567	fn
277606	102878	fn
277590	102878	fn
277597	102878	fn
277652	218567	fn
277579	30019	fn
277625	218567	fn
277670	218567	fn
277673	4705	fn
277546	218567	fn
277664	34482	fn
277630	199942	fn
277632	102878	fn
277637	55246	fn
277525	218567	fn
277524	59192	fn
277527	218567	fn
277571	102878	fn
277555	218567	fn
277552	218567	fn
277553	2110	fn
277399	218567	fn
277492	158668	fn
277499	102232	fn
277465	139873	fn
277510	218567	fn
277459	218567	fn
277473	69991	fn
277435	102878	fn
277433	218567	fn
277431	218567	fn
277430	218567	fn
277438	218567	fn
277486	218567	fn
277480	218567	fn
277481	218567	fn
277489	339	fn
277386	2110	fn
277503	34482	fn
277446	218567	fn
277421	152818	fn
277378	218567	fn
277370	218567	fn
277374	218567	fn
277351	34482	fn
277288	218567	fn
277305	1319	fn
277239	102878	fn
277235	102878	fn
277234	218567	fn
277272	218567	fn
277287	218567	fn
277289	218567	fn
277362	218567	fn
277261	218567	fn
277265	218567	fn
277268	218567	fn
277354	153896	fn
277353	218567	fn
277150	218567	fn
277109	166769	fn
277073	55246	fn
277164	1319	fn
277169	170530	fn
277201	218567	fn
277097	2110	fn
277114	104023	fn
277117	1756	fn
277143	14653	fn
277062	12346	fn
277133	218567	fn
277104	102878	fn
277108	218567	fn
277146	218567	fn
276930	13370	fn
276926	52542	fn
276989	218567	fn
276980	218567	fn
276690	218567	fn
276795	218567	fn
276790	218567	fn
276880	218567	fn
276883	218567	fn
276872	102878	fn
276820	218567	fn
276822	2110	fn
276826	151932	fn
276683	218567	fn
276839	147966	fn
276801	60535	fn
276497	1319	fn
276559	218567	fn
276637	218567	fn
276633	339	fn
276543	218567	fn
276526	218567	fn
276377	218567	fn
276374	218567	fn
276370	99124	fn
276437	218567	fn
276395	218567	fn
276397	218567	fn
276365	1319	fn
276317	154751	fn
276338	553	fn
276408	2110	fn
276301	218567	fn
276415	218567	fn
276456	139873	fn
276444	2110	fn
276202	218567	fn
276266	339	fn
276261	1319	fn
276106	7453	fn
276211	139873	fn
276153	218567	fn
276150	218567	fn
276228	198621	fn
276227	139873	fn
276285	339	fn
276121	339	fn
276238	36295	fn
276233	1319	fn
276230	1319	fn
276231	156948	fn
276170	72839	fn
276180	34482	fn
276186	2110	fn
276187	180648	fn
276188	2110	fn
276299	218567	fn
276293	218567	fn
276247	1319	fn
276245	2110	fn
276243	102878	fn
276242	218567	fn
276162	59702	fn
276160	218567	fn
276168	102878	fn
276115	1319	fn
276250	39017	fn
276255	159118	fn
276257	218567	fn
276114	218567	fn
276111	159118	fn
276119	218567	fn
276043	34482	fn
276042	217797	fn
276033	218567	fn
276066	339	fn
276065	218567	fn
275958	218567	fn
275959	218567	fn
275953	39017	fn
275951	218567	fn
275954	1319	fn
276057	218567	fn
275920	339	fn
275849	218567	fn
275844	218567	fn
275904	218567	fn
275865	218567	fn
275884	102878	fn
275703	218567	fn
275676	218567	fn
275675	85867	fn
275673	218567	fn
275678	139873	fn
275709	1319	fn
275706	102878	fn
275704	218567	fn
275763	339	fn
275691	218567	fn
275693	339	fn
275718	218567	fn
275719	111853	fn
275711	2110	fn
275661	139873	fn
275723	218567	fn
275777	218567	fn
275773	22131	fn
275770	139873	fn
275682	1319	fn
275514	218567	fn
275620	102878	fn
275487	339	fn
275553	218567	fn
275611	339	fn
275615	102878	fn
275614	2110	fn
275619	218567	fn
275618	102590	fn
275565	1319	fn
275580	218567	fn
275584	184213	fn
275574	180648	fn
275521	339	fn
275520	5447	fn
275529	218567	fn
275495	81651	fn
275492	218567	fn
275541	218567	fn
275466	218567	fn
275336	1319	fn
275331	139873	fn
275338	55437	fn
275265	203880	fn
275261	218567	fn
275151	218567	fn
275154	218567	fn
275181	218567	fn
275207	125542	fn
275202	218567	fn
275259	218567	fn
275253	159118	fn
275257	218567	fn
275125	218567	fn
275217	1319	fn
275212	34482	fn
275218	1319	fn
275194	1092	fn
275240	218567	fn
275241	1319	fn
275247	69991	fn
275244	158668	fn
275270	218567	fn
275277	218567	fn
275275	218567	fn
275279	218567	fn
275278	1319	fn
275145	218567	fn
275144	218567	fn
275148	55437	fn
275087	1756	fn
275081	218567	fn
275082	218567	fn
274993	218567	fn
274960	218567	fn
274966	64	fn
275041	22131	fn
275042	218567	fn
275047	55739	fn
275049	218567	fn
274955	218567	fn
274956	218567	fn
274925	139873	fn
274860	218567	fn
274868	139873	fn
274803	218567	fn
274813	120722	fn
274819	2110	fn
274832	158668	fn
274833	218567	fn
274836	218567	fn
274916	218567	fn
274890	218567	fn
274892	218567	fn
274849	12471	fn
274846	218567	fn
274792	218567	fn
274867	103343	fn
274866	218567	fn
274906	102878	fn
274907	218567	fn
274937	218567	fn
274855	218567	fn
274719	218567	fn
274697	218567	fn
274694	218567	fn
274777	102878	fn
274779	218567	fn
274778	218567	fn
274701	218567	fn
274584	218567	fn
274585	139873	fn
274581	139873	fn
274527	218567	fn
274529	218567	fn
274612	34482	fn
274613	218567	fn
274610	218567	fn
274572	218567	fn
274491	218567	fn
274356	122605	fn
274354	218567	fn
274477	218567	fn
274336	1319	fn
274409	218567	fn
274402	102878	fn
274393	218567	fn
274399	339	fn
274418	218567	fn
274378	218567	fn
274382	139873	fn
274367	41461	fn
274426	218567	fn
274423	22131	fn
274428	184117	fn
274454	218567	fn
274377	218567	fn
274314	56448	fn
274313	151108	fn
274487	41924	fn
274484	218567	fn
274480	339	fn
274488	339	fn
274432	218567	fn
274403	145969	fn
274463	102878	fn
274462	163852	fn
274467	34482	fn
274118	218567	fn
274253	218567	fn
274280	218567	fn
274220	218567	fn
274298	158668	fn
274299	34482	fn
274245	339	fn
274246	218567	fn
274248	218567	fn
274223	218567	fn
274227	218567	fn
274176	218567	fn
274175	218567	fn
274172	218567	fn
274171	102878	fn
274179	339	fn
274178	339	fn
274234	218567	fn
274236	339	fn
274231	218567	fn
274233	218567	fn
274064	126909	fn
273943	218567	fn
273944	2110	fn
274015	218567	fn
274011	218567	fn
274076	2110	fn
274074	218567	fn
274075	218567	fn
274073	218567	fn
274070	218567	fn
273929	218567	fn
274020	158668	fn
274025	218567	fn
273962	218567	fn
273966	139873	fn
274049	218567	fn
274103	218567	fn
274101	2110	fn
274106	218567	fn
274052	218567	fn
274054	218567	fn
274007	218567	fn
274006	1319	fn
273975	19746	fn
273981	218567	fn
273912	218567	fn
273886	218567	fn
273783	102667	fn
273786	218567	fn
273772	218567	fn
273773	218567	fn
273834	218567	fn
273833	218567	fn
273832	218567	fn
273851	218567	fn
273884	218567	fn
273881	339	fn
273888	218567	fn
274941	1319	fn
273801	102878	fn
273903	139873	fn
273767	218567	fn
273823	339	fn
273827	218567	fn
273892	218567	fn
273899	218567	fn
273843	218567	fn
273848	102878	fn
273898	218567	fn
273668	218567	fn
273738	1319	fn
273616	55437	fn
273613	218567	fn
273747	61449	fn
273741	218567	fn
273643	160539	fn
273734	186166	fn
273731	218567	fn
273739	1319	fn
273636	42589	fn
273631	218567	fn
273630	270899	fn
273640	102878	fn
273715	339	fn
273670	218567	fn
273639	218567	fn
273545	218567	fn
273544	218567	fn
273546	218567	fn
273558	2110	fn
273492	218567	fn
273495	218567	fn
273569	218567	fn
273469	339	fn
273483	218567	fn
273467	1319	fn
273522	339	fn
273488	218567	fn
273580	124555	fn
273587	218567	fn
273586	218567	fn
273515	1319	fn
273531	218567	fn
273539	1092	fn
273511	271221	fn
273595	218567	fn
273596	157267	fn
273409	339	fn
273294	218567	fn
273317	218567	fn
273315	218567	fn
273312	218567	fn
273341	55197	fn
273344	339	fn
273349	218567	fn
273322	1319	fn
274939	102878	fn
273286	218567	fn
273256	218567	fn
273253	218567	fn
273378	55779	fn
273340	218567	fn
273350	139873	fn
273355	139873	fn
273434	218567	fn
273389	1319	fn
273388	218567	fn
273461	102878	fn
273313	34482	fn
273439	218567	fn
273431	1319	fn
273326	218567	fn
273397	2110	fn
273394	339	fn
273398	1319	fn
273459	218567	fn
273458	218567	fn
273456	1319	fn
273275	339	fn
273271	339	fn
273426	102878	fn
273339	218567	fn
273335	218567	fn
273336	218567	fn
273352	218567	fn
273369	218567	fn
273361	339	fn
273301	218567	fn
273154	218567	fn
273181	218567	fn
273183	1319	fn
273073	139873	fn
273072	218567	fn
273070	218567	fn
273132	102878	fn
273139	2110	fn
273134	218567	fn
273086	1319	fn
273085	218567	fn
273168	70570	fn
273161	218567	fn
273166	218567	fn
273190	139873	fn
273248	218567	fn
273177	218567	fn
273175	218567	fn
273249	218567	fn
273216	160539	fn
273219	339	fn
273108	218567	fn
273107	34482	fn
273105	339	fn
273101	218567	fn
273159	218567	fn
273205	118687	fn
273202	40720	fn
273208	339	fn
273198	2110	fn
273098	102878	fn
273091	39017	fn
273110	102878	fn
273212	1319	fn
273147	218567	fn
273146	218567	fn
273145	218567	fn
273144	218567	fn
272962	218567	fn
272963	218567	fn
272982	218567	fn
272919	52542	fn
272953	139873	fn
272959	218567	fn
272889	218567	fn
272885	2110	fn
273022	102878	fn
273030	1319	fn
272805	1319	fn
272806	147529	fn
272768	218567	fn
272802	1319	fn
272871	218567	fn
272813	218567	fn
272810	218567	fn
272779	339	fn
272778	199071	fn
272848	218567	fn
272847	146924	fn
272846	218567	fn
272660	218567	fn
272790	218567	fn
272782	218567	fn
272781	158668	fn
272841	218567	fn
272754	218567	fn
272752	1319	fn
272824	1319	fn
272823	206942	fn
272786	218567	fn
272860	2110	fn
272867	184213	fn
272744	218567	fn
272653	218567	fn
272712	218567	fn
272470	218567	fn
272500	163852	fn
272504	69991	fn
272613	2110	fn
272538	139873	fn
272597	218567	fn
272577	218567	fn
272545	139873	fn
272541	1319	fn
272623	218567	fn
272637	218567	fn
272634	1319	fn
272635	218567	fn
272581	102878	fn
272468	218567	fn
272467	2110	fn
272569	1319	fn
272561	218567	fn
272539	218567	fn
272647	139873	fn
272641	218567	fn
272649	339	fn
272486	218567	fn
272489	218567	fn
272488	218567	fn
272368	2110	fn
272320	339	fn
272322	218567	fn
272426	218567	fn
272429	139873	fn
272314	218567	fn
272311	69991	fn
272313	218567	fn
272437	218567	fn
272304	142210	fn
272401	218567	fn
272407	218567	fn
272350	218567	fn
272347	218567	fn
272345	218567	fn
272409	139873	fn
272323	218567	fn
272442	218567	fn
272419	160025	fn
272416	218567	fn
272337	102878	fn
272332	102878	fn
272384	218567	fn
272255	218567	fn
272191	218567	fn
272126	102878	fn
272127	147966	fn
272237	218567	fn
272211	218567	fn
272213	218567	fn
272222	158668	fn
271985	218567	fn
272084	250181	fn
272016	218567	fn
271972	49414	fn
272010	218567	fn
272038	1319	fn
272039	218567	fn
272037	218567	fn
272104	218567	fn
272105	1319	fn
272100	218567	fn
272102	218567	fn
272103	56621	fn
272060	139873	fn
272107	218567	fn
272008	102878	fn
272001	218567	fn
272003	218567	fn
271967	158668	fn
271962	218567	fn
271960	218567	fn
271981	218567	fn
271980	139873	fn
272078	67663	fn
272070	1319	fn
272072	218567	fn
271863	339	fn
271781	102878	fn
271738	218567	fn
271767	218567	fn
271766	339	fn
271818	218567	fn
271790	1319	fn
271794	139873	fn
271816	218567	fn
272843	218567	fn
271778	339	fn
271772	102878	fn
271775	218567	fn
271801	102878	fn
271792	59192	fn
271797	218567	fn
271859	218567	fn
271858	218567	fn
271850	218567	fn
271836	218567	fn
271733	218567	fn
271730	106036	fn
271905	218567	fn
271904	2110	fn
271906	218567	fn
271835	218567	fn
271833	102878	fn
271823	158668	fn
271820	102878	fn
271847	218567	fn
271891	218567	fn
271912	161571	fn
271910	218567	fn
271911	339	fn
271889	339	fn
271726	30374	fn
271598	2110	fn
271685	218567	fn
271708	218567	fn
271536	2110	fn
271698	102667	fn
271697	1319	fn
271692	218567	fn
271569	1319	fn
271633	218567	fn
271630	218567	fn
271648	218567	fn
271680	218567	fn
271379	80	fn
271458	102878	fn
271455	218567	fn
271368	139873	fn
271365	218567	fn
271445	218567	fn
271374	50114	fn
271370	1319	fn
271359	1319	fn
271392	2110	fn
271505	339	fn
271506	2110	fn
271438	218567	fn
271432	196665	fn
271315	2110	fn
271192	218567	fn
271197	1319	fn
271194	218567	fn
271147	218567	fn
271148	218567	fn
271300	218567	fn
271307	1319	fn
271305	102878	fn
271276	218567	fn
271271	218567	fn
271278	139873	fn
271268	218567	fn
271298	102878	fn
271291	184462	fn
271290	218567	fn
271293	218567	fn
271154	218567	fn
271150	159118	fn
271159	1319	fn
271261	218567	fn
271264	26575	fn
271266	218567	fn
271267	218567	fn
271185	218567	fn
271231	218567	fn
271283	1319	fn
271285	1319	fn
271195	218567	fn
271258	54140	fn
271256	1756	fn
271169	218567	fn
271161	218567	fn
271211	218567	fn
271125	218567	fn
271010	12346	fn
271006	218567	fn
271034	71548	fn
271090	218567	fn
271099	26002	fn
271003	1319	fn
271032	1319	fn
271038	1319	fn
271044	102878	fn
271042	218567	fn
271094	218567	fn
271093	102878	fn
271091	218567	fn
271119	218567	fn
271110	139873	fn
271115	218567	fn
271026	218567	fn
271025	102878	fn
270995	158668	fn
270992	218567	fn
271081	80032	fn
271085	218567	fn
271144	59192	fn
270984	218567	fn
270980	34482	fn
271069	218567	fn
271066	128454	fn
270970	218567	fn
270976	1319	fn
270837	102878	fn
270834	218567	fn
270860	218567	fn
270862	218567	fn
270913	218567	fn
270871	339	fn
270906	4705	fn
270901	163852	fn
270931	102878	fn
270947	218567	fn
270816	218567	fn
270873	128454	fn
270923	339	fn
270924	218567	fn
270655	102878	fn
270650	218567	fn
270658	218567	fn
270652	218567	fn
270804	339	fn
270803	339	fn
270743	1319	fn
270799	339	fn
270794	139873	fn
270721	218567	fn
270795	1319	fn
270773	34482	fn
270784	218567	fn
270786	218567	fn
270715	339	fn
270712	218567	fn
270710	2110	fn
270718	4423	fn
270768	339	fn
270689	128454	fn
270681	218567	fn
270686	218567	fn
270547	218567	fn
270479	218567	fn
270515	1319	fn
270514	218567	fn
270516	218567	fn
270609	5351	fn
270499	218567	fn
270494	218567	fn
270510	22131	fn
270416	553	fn
270392	102878	fn
270391	184213	fn
270412	47467	fn
270418	218567	fn
270320	102878	fn
270323	218567	fn
270286	218567	fn
270281	44486	fn
270385	139873	fn
270381	218567	fn
270369	339	fn
270363	218567	fn
270358	44065	fn
270414	1319	fn
270415	218567	fn
270296	218567	fn
270297	102878	fn
270295	218567	fn
270374	218567	fn
270437	129866	fn
270337	218567	fn
270308	139873	fn
270301	218567	fn
270282	218567	fn
270322	218567	fn
270367	218567	fn
270362	218567	fn
270361	218567	fn
270213	102878	fn
270108	139873	fn
270184	1319	fn
270264	34482	fn
270196	1319	fn
270155	339	fn
270225	22131	fn
270221	218567	fn
270220	102878	fn
270186	218567	fn
270188	218567	fn
270189	218567	fn
269975	553	fn
269974	339	fn
269971	144332	fn
269928	339	fn
269905	218567	fn
269908	218567	fn
269909	97808	fn
270034	139873	fn
270031	218567	fn
269868	218567	fn
269871	218567	fn
269873	1319	fn
269972	218567	fn
269995	218567	fn
269994	218567	fn
270003	218567	fn
269984	158668	fn
269980	218567	fn
269981	1319	fn
269982	218567	fn
269983	339	fn
270010	218567	fn
270014	158668	fn
270017	102878	fn
269931	102878	fn
270043	218567	fn
270040	203880	fn
269927	218567	fn
269940	218567	fn
269977	218567	fn
269715	2110	fn
269817	1319	fn
269813	147966	fn
269811	218567	fn
269841	218567	fn
269840	2110	fn
269844	1319	fn
269847	1319	fn
269751	218567	fn
269750	56448	fn
269752	102878	fn
269778	218567	fn
269777	218567	fn
269770	202285	fn
269851	1319	fn
269854	1319	fn
269792	339	fn
269797	218567	fn
269799	218567	fn
269762	218567	fn
269764	2110	fn
269768	2110	fn
269679	139873	fn
269623	180510	fn
269627	218567	fn
269593	218567	fn
269590	102878	fn
269711	218567	fn
269688	218567	fn
269681	218567	fn
269686	217797	fn
269637	218567	fn
269578	218567	fn
269695	34640	fn
269697	218567	fn
269690	218567	fn
269645	218567	fn
269626	47704	fn
269701	102878	fn
269706	218567	fn
269707	218567	fn
269655	5461	fn
269656	139873	fn
269605	151108	fn
269748	218567	fn
269665	218567	fn
269664	102878	fn
269659	2110	fn
269575	218567	fn
269611	218567	fn
269612	218567	fn
269613	218567	fn
269592	218567	fn
269591	218567	fn
269642	158668	fn
269400	218567	fn
269472	218567	fn
269476	218567	fn
269477	218567	fn
269425	39017	fn
269517	218567	fn
269516	218567	fn
269491	1319	fn
269495	1319	fn
269444	218567	fn
269440	128454	fn
269438	218567	fn
269434	218567	fn
269436	80	fn
269433	218567	fn
269500	218567	fn
269501	218567	fn
269502	31078	fn
269422	218567	fn
269426	339	fn
269553	218567	fn
269556	218567	fn
269457	59192	fn
269451	218567	fn
269302	218567	fn
269353	218567	fn
269355	218567	fn
269231	52542	fn
269219	218567	fn
269212	218567	fn
269243	339	fn
269242	218567	fn
269337	139873	fn
269333	218567	fn
269380	218567	fn
269388	1319	fn
269228	218567	fn
269226	218567	fn
269223	139873	fn
269251	218567	fn
269191	102878	fn
269197	94418	fn
269328	102878	fn
269329	218567	fn
269326	34482	fn
269289	218567	fn
269281	218567	fn
269260	218567	fn
269266	218567	fn
269183	49414	fn
269319	218567	fn
269313	1319	fn
269296	218567	fn
269322	218567	fn
269325	3819	fn
269176	158668	fn
269061	2110	fn
269064	103893	fn
269108	218567	fn
269109	102878	fn
269105	34482	fn
269062	218567	fn
269142	218567	fn
269002	218567	fn
269006	102878	fn
269160	49414	fn
269010	218567	fn
269134	22131	fn
269136	339	fn
269048	151614	fn
269123	1319	fn
269125	218567	fn
269128	218567	fn
269129	218567	fn
268998	139873	fn
268994	218567	fn
268997	218567	fn
269058	218567	fn
269059	1319	fn
269078	218567	fn
269154	56448	fn
269127	22131	fn
269040	1319	fn
269043	139873	fn
269042	218567	fn
268851	34482	fn
268949	1319	fn
268846	339	fn
268836	139873	fn
268940	218567	fn
268948	218567	fn
268835	218567	fn
268834	218567	fn
268830	158668	fn
268887	150980	fn
268850	218567	fn
268856	218567	fn
268951	1319	fn
268959	218567	fn
268823	218567	fn
268824	218567	fn
268864	134360	fn
268975	218567	fn
268976	218567	fn
268974	218567	fn
268869	158668	fn
268955	52542	fn
268904	218567	fn
268653	218567	fn
268651	7735	fn
268650	139873	fn
268623	218567	fn
268621	73599	fn
268723	218567	fn
268724	218567	fn
268678	339	fn
268680	102878	fn
268681	218567	fn
268682	218567	fn
268684	218567	fn
268688	339	fn
268625	218567	fn
268730	166058	fn
268465	218567	fn
268535	218567	fn
268577	218567	fn
268578	218567	fn
268488	142210	fn
268566	218567	fn
268568	39017	fn
268486	218567	fn
268485	218567	fn
268368	102878	fn
268408	218567	fn
268443	218567	fn
268376	102878	fn
268343	218567	fn
268346	218567	fn
268419	218567	fn
268412	1319	fn
268414	115076	fn
268375	1319	fn
268370	41614	fn
268378	139873	fn
268428	69991	fn
268348	2110	fn
268341	2110	fn
268365	59702	fn
268387	218567	fn
268176	218567	fn
268321	139873	fn
268242	95581	fn
268244	218567	fn
268219	218567	fn
268211	102878	fn
268217	218567	fn
268216	218567	fn
268164	218567	fn
268330	29658	fn
268274	1319	fn
268271	218567	fn
268270	102878	fn
268170	26686	fn
268207	218567	fn
268157	160539	fn
268293	218567	fn
268294	166675	fn
268299	218567	fn
268220	218567	fn
268191	218567	fn
268196	218567	fn
268198	218567	fn
268251	218567	fn
267951	218567	fn
267952	218567	fn
268097	218567	fn
268096	218567	fn
268110	339	fn
268107	218567	fn
268104	60535	fn
268148	139873	fn
268145	167290	fn
268037	129014	fn
268035	1319	fn
268032	339	fn
268031	218567	fn
268008	97808	fn
268086	158668	fn
268087	218567	fn
268080	39296	fn
268121	218567	fn
268120	218567	fn
268022	218567	fn
268071	18848	fn
267977	218567	fn
267976	34482	fn
267974	34482	fn
267971	218567	fn
268018	1319	fn
268017	218567	fn
267762	134638	fn
267760	2110	fn
267761	218567	fn
267768	122516	fn
267914	218567	fn
267892	218567	fn
267847	218567	fn
267842	218567	fn
267840	218567	fn
267792	1319	fn
267791	339	fn
267795	218567	fn
267829	59036	fn
267902	22131	fn
267900	218567	fn
267901	1319	fn
267856	218567	fn
267784	218567	fn
267865	102878	fn
267864	218567	fn
267867	218567	fn
267868	553	fn
267743	218567	fn
267623	2110	fn
267668	218567	fn
267716	218567	fn
267708	218567	fn
267598	1319	fn
267595	61365	fn
267669	218567	fn
267661	52127	fn
267583	218567	fn
267674	34482	fn
267675	218567	fn
267677	185012	fn
267670	139873	fn
267673	218567	fn
267615	218567	fn
267610	139873	fn
267727	218567	fn
267724	218567	fn
267572	94822	fn
267577	80	fn
267702	79166	fn
267650	218567	fn
267654	218567	fn
267658	108842	fn
267687	15972	fn
267683	52542	fn
267504	139873	fn
267507	218567	fn
267415	218567	fn
267418	218567	fn
267549	218567	fn
267543	218567	fn
267443	218567	fn
267445	218567	fn
267550	139873	fn
267505	218567	fn
267424	2110	fn
267427	339	fn
267426	218567	fn
267452	218567	fn
267453	61365	fn
267459	218567	fn
267564	339	fn
267566	139873	fn
267563	218567	fn
267568	218567	fn
267478	1319	fn
267476	1319	fn
267477	339	fn
267474	218567	fn
267318	147966	fn
267315	2110	fn
267314	102878	fn
267312	218567	fn
267299	218567	fn
267304	1319	fn
267306	218567	fn
267309	218567	fn
267354	218567	fn
267358	218567	fn
267203	218567	fn
267204	218567	fn
267188	218567	fn
267181	218567	fn
267184	102878	fn
267185	218567	fn
267217	218567	fn
267167	163852	fn
267294	1319	fn
267267	50422	fn
267266	31548	fn
267262	218567	fn
267196	1756	fn
267270	1092	fn
267224	5461	fn
267237	1319	fn
267253	218567	fn
267258	218567	fn
267259	158668	fn
267168	1319	fn
267164	218567	fn
267166	218567	fn
267137	34482	fn
267135	218567	fn
267023	218567	fn
267022	218567	fn
267027	2110	fn
267124	139873	fn
267087	139873	fn
267085	218567	fn
267030	218567	fn
266995	139873	fn
267090	2110	fn
267113	80032	fn
267094	126566	fn
267096	47532	fn
267098	218567	fn
267045	218567	fn
267108	100194	fn
267053	218567	fn
267017	218567	fn
267112	339	fn
267160	102878	fn
266887	218567	fn
266881	102878	fn
266883	218567	fn
266888	218567	fn
266855	339	fn
266858	940	fn
266989	218567	fn
266988	218567	fn
266983	218567	fn
266819	159118	fn
266813	126566	fn
266847	218567	fn
266994	218567	fn
266896	95114	fn
266894	218567	fn
266914	218567	fn
266913	218567	fn
266823	218567	fn
266820	218567	fn
266643	218567	fn
266689	339	fn
266687	80	fn
266684	141166	fn
266726	218567	fn
266729	218567	fn
266658	1319	fn
266781	218567	fn
266660	218567	fn
266666	218567	fn
266732	164993	fn
266645	218567	fn
266640	1162	fn
266632	218567	fn
266611	218567	fn
266617	1756	fn
266796	218567	fn
266749	218567	fn
266754	218567	fn
266756	218567	fn
266744	218567	fn
266709	1319	fn
266622	1319	fn
266770	218567	fn
266675	339	fn
266670	218567	fn
266629	102878	fn
266379	130112	fn
266435	218567	fn
266430	218567	fn
266365	218567	fn
266422	218567	fn
266464	55246	fn
266470	218567	fn
266488	1319	fn
266564	139873	fn
266575	218567	fn
266182	218567	fn
266255	218567	fn
266257	218567	fn
266190	218567	fn
266199	218567	fn
266303	218567	fn
266301	207504	fn
266224	47704	fn
266248	218567	fn
266346	218567	fn
266349	25343	fn
266280	218567	fn
266285	218567	fn
266283	218567	fn
266325	218567	fn
266276	553	fn
266274	2110	fn
266337	2110	fn
266333	218567	fn
266292	139873	fn
266266	218567	fn
266267	218567	fn
266263	1319	fn
266268	158668	fn
266269	1319	fn
266044	218567	fn
266161	5461	fn
266160	4705	fn
266127	139873	fn
266125	158668	fn
266129	218567	fn
266112	218567	fn
266137	218567	fn
266169	1319	fn
266060	102878	fn
266068	218567	fn
265949	339	fn
266017	51433	fn
265926	218567	fn
265927	2110	fn
265924	218567	fn
265922	102878	fn
265976	218567	fn
265983	158668	fn
265985	218567	fn
265986	4756	fn
265862	34482	fn
266005	218567	fn
266003	218567	fn
265914	218567	fn
265895	218567	fn
266010	1092	fn
265904	32649	fn
265909	1092	fn
265769	218567	fn
265767	1756	fn
265677	218567	fn
265709	218567	fn
265810	139873	fn
265811	43912	fn
265756	2110	fn
265758	218567	fn
265761	218567	fn
265763	1319	fn
265747	218567	fn
264670	200786	fn
265743	218567	fn
265828	218567	fn
265889	114272	fn
265736	218567	fn
265664	218567	fn
265820	218567	fn
265786	39296	fn
265787	218567	fn
265781	218567	fn
264669	218567	fn
265671	102878	fn
265722	33758	fn
265726	218567	fn
265683	339	fn
265682	218567	fn
265831	218567	fn
264668	139873	fn
264667	218567	fn
265702	218567	fn
265667	218567	fn
265719	1319	fn
265715	218567	fn
265714	1319	fn
265716	139873	fn
265712	118605	fn
265694	218567	fn
265699	218567	fn
265779	218567	fn
265802	218567	fn
264561	218567	fn
264560	218567	fn
264519	154751	fn
264511	218567	fn
264437	218567	fn
264418	33758	fn
264330	158668	fn
264464	44486	fn
264461	218567	fn
264356	1319	fn
264311	218567	fn
264442	218567	fn
264318	218567	fn
264324	1319	fn
264396	218567	fn
264394	218567	fn
264471	218567	fn
264470	218567	fn
264352	218567	fn
264348	218567	fn
264204	139873	fn
264206	152714	fn
264094	1319	fn
264099	44486	fn
264067	147966	fn
264259	218567	fn
264254	218567	fn
264176	218567	fn
264172	218567	fn
264235	139873	fn
264233	218567	fn
264232	218567	fn
264082	40	fn
264081	218567	fn
264087	139873	fn
264084	26318	fn
264120	54140	fn
264122	1319	fn
264124	218567	fn
264127	2110	fn
264221	158668	fn
264188	218567	fn
264147	218567	fn
264146	218567	fn
264074	218567	fn
264150	139873	fn
264154	218567	fn
264156	108315	fn
264216	218567	fn
264103	1319	fn
264101	218567	fn
264107	218567	fn
264109	139873	fn
264075	139873	fn
263968	218567	fn
263958	218567	fn
263954	218567	fn
264033	1319	fn
264037	49414	fn
264032	218567	fn
264054	159118	fn
264050	218567	fn
264053	218567	fn
264052	218567	fn
263942	218567	fn
263981	218567	fn
264051	102878	fn
263905	218567	fn
263877	37862	fn
263842	1756	fn
263844	218567	fn
263932	139873	fn
263872	1319	fn
263876	218567	fn
263926	218567	fn
263929	218567	fn
263880	1756	fn
263837	1319	fn
263834	1319	fn
263830	218567	fn
263838	218567	fn
263869	139873	fn
263867	218567	fn
263914	218567	fn
263916	218567	fn
263893	218567	fn
263828	218567	fn
263890	218567	fn
263758	218567	fn
263755	102878	fn
263724	1756	fn
263723	339	fn
263775	218567	fn
263774	218567	fn
263778	218567	fn
263782	102878	fn
263788	1319	fn
263765	218567	fn
263821	139873	fn
263817	218567	fn
263716	34482	fn
263715	1319	fn
263719	218567	fn
263575	339	fn
263573	218567	fn
263571	2110	fn
263645	218567	fn
263647	2110	fn
263640	218567	fn
263595	214585	fn
263637	102878	fn
263659	102878	fn
263687	139873	fn
263601	218567	fn
263605	2110	fn
263664	218567	fn
263668	139873	fn
263636	218567	fn
263685	218567	fn
263686	218567	fn
263678	34482	fn
263673	139873	fn
263620	218567	fn
263624	139873	fn
263693	956	fn
263696	218567	fn
263697	102878	fn
263500	218567	fn
263467	128454	fn
263468	3819	fn
263416	218567	fn
263412	218567	fn
263418	102878	fn
263530	218567	fn
263537	218567	fn
263539	218567	fn
263538	218567	fn
263477	218567	fn
263471	218567	fn
263433	218567	fn
263421	339	fn
263425	131087	fn
263440	102878	fn
263524	2110	fn
263505	218567	fn
263394	339	fn
263264	218567	fn
263365	218567	fn
263271	218567	fn
263350	218567	fn
263324	218567	fn
263173	218567	fn
263177	218567	fn
263175	218567	fn
263090	218567	fn
263091	218567	fn
263093	2099	fn
263196	1319	fn
263190	218567	fn
263193	218567	fn
263192	102878	fn
263053	218567	fn
263128	218567	fn
263129	218567	fn
263122	102878	fn
263124	2110	fn
263125	218567	fn
262900	102878	fn
262903	39017	fn
262999	218567	fn
262855	218567	fn
262995	218567	fn
262959	339	fn
262954	139873	fn
262952	1319	fn
262950	1319	fn
262904	218567	fn
263007	1319	fn
263006	158668	fn
263005	218567	fn
262981	218567	fn
262971	218567	fn
262973	218567	fn
262976	1319	fn
262814	1319	fn
262813	218567	fn
262790	34482	fn
262792	218567	fn
262795	218567	fn
262830	139873	fn
262715	1319	fn
262829	218567	fn
262746	2110	fn
262750	1319	fn
262589	218567	fn
262601	121026	fn
262602	218567	fn
262609	218567	fn
262654	218567	fn
262705	59702	fn
262703	1979	fn
262702	218567	fn
262700	218567	fn
262646	339	fn
262647	139873	fn
262645	139873	fn
262699	218567	fn
262694	218567	fn
262697	218567	fn
262639	218567	fn
262638	218567	fn
262637	1319	fn
262635	123778	fn
262630	218567	fn
262681	139873	fn
262550	1319	fn
262557	139873	fn
262444	218567	fn
262449	55502	fn
262523	44486	fn
262531	218567	fn
262569	218567	fn
262560	1319	fn
262567	34482	fn
262503	218567	fn
262432	25701	fn
262551	218567	fn
262489	102878	fn
262500	218567	fn
262518	218567	fn
262519	218567	fn
262517	102878	fn
262514	218567	fn
262515	218567	fn
262511	128454	fn
262429	158668	fn
262423	218567	fn
262427	218567	fn
262283	339	fn
262339	158668	fn
262307	339	fn
262304	218567	fn
262135	102878	fn
262131	218567	fn
262132	218567	fn
262156	218567	fn
262069	1756	fn
262232	218567	fn
262072	163852	fn
262097	55246	fn
262090	1319	fn
262214	59702	fn
262068	60535	fn
262063	218567	fn
262065	1319	fn
262180	218567	fn
262142	174304	fn
262170	218567	fn
262177	139873	fn
262178	218567	fn
262181	58098	fn
262201	218567	fn
262205	218567	fn
262210	218567	fn
262145	218567	fn
262147	218567	fn
262141	218567	fn
262203	218567	fn
262006	1319	fn
262008	218567	fn
262009	218567	fn
261975	218567	fn
261922	218567	fn
261925	218567	fn
261988	36295	fn
262039	218567	fn
261932	34482	fn
262018	1092	fn
262046	218567	fn
262048	193095	fn
262049	1319	fn
261911	218567	fn
261985	1319	fn
262027	218567	fn
262021	218567	fn
261949	1756	fn
261897	1319	fn
261895	218567	fn
261856	99124	fn
261861	52542	fn
261864	88504	fn
261869	341	fn
261868	218567	fn
261907	218567	fn
261957	218567	fn
261955	153896	fn
261962	218567	fn
261963	95441	fn
261961	339	fn
262016	34482	fn
262015	158668	fn
262012	11123	fn
261990	218567	fn
261875	34482	fn
261870	139873	fn
261931	218567	fn
261936	134638	fn
261816	139873	fn
261812	218567	fn
261813	1319	fn
261819	218567	fn
261733	218567	fn
261731	218567	fn
261714	218567	fn
261718	218567	fn
261691	1319	fn
261693	218567	fn
261698	218567	fn
261800	218567	fn
261803	339	fn
261802	1319	fn
261740	218567	fn
261745	218567	fn
261742	139873	fn
261701	139873	fn
261619	2110	fn
261655	339	fn
261657	1574	fn
261500	1319	fn
261501	218567	fn
261552	218567	fn
261557	100905	fn
261556	1319	fn
261455	218567	fn
261522	218567	fn
261521	218567	fn
261529	339	fn
261565	2110	fn
261504	218567	fn
261472	218567	fn
261474	34830	fn
261513	218567	fn
261490	139873	fn
261497	102878	fn
261494	218567	fn
261445	139873	fn
261446	218567	fn
261440	156201	fn
261353	218567	fn
261406	3995	fn
261355	1319	fn
261356	218567	fn
261415	148453	fn
261341	218567	fn
261345	114272	fn
261398	102878	fn
261437	218567	fn
261339	125324	fn
261388	2110	fn
261385	158668	fn
261383	218567	fn
261331	218567	fn
261373	218567	fn
261371	218567	fn
261370	59036	fn
261297	218567	fn
261273	218567	fn
261275	2110	fn
261307	218567	fn
261303	139081	fn
261207	218567	fn
261206	218567	fn
261203	218567	fn
261176	218567	fn
261170	139873	fn
261179	339	fn
261178	218567	fn
261213	339	fn
261187	1319	fn
261041	218567	fn
261140	102878	fn
260998	218567	fn
261155	1756	fn
261152	218567	fn
260989	218567	fn
261053	218567	fn
261057	218567	fn
261054	59702	fn
261055	218567	fn
261059	163852	fn
261088	218567	fn
261149	139873	fn
260991	218567	fn
260995	102878	fn
261029	218567	fn
261028	218567	fn
261119	218567	fn
261094	218567	fn
261112	218567	fn
261006	139873	fn
261090	53276	fn
261033	1319	fn
261034	10908	fn
261035	218567	fn
261036	218567	fn
261101	339	fn
261100	339	fn
261108	58152	fn
261107	26575	fn
261072	218567	fn
261018	129014	fn
261128	218567	fn
261129	218567	fn
261121	218567	fn
260926	218567	fn
260790	218567	fn
260953	218567	fn
260804	218567	fn
260879	35039	fn
260870	218567	fn
260939	218567	fn
260935	102878	fn
260932	218567	fn
260933	139873	fn
260964	218567	fn
260815	218567	fn
260810	218567	fn
260872	218567	fn
260866	218567	fn
260973	218567	fn
260970	218567	fn
260809	218567	fn
260807	339	fn
260802	218567	fn
260853	128454	fn
260857	218567	fn
260944	339	fn
260895	218567	fn
260893	339	fn
260969	218567	fn
260974	218567	fn
260831	141245	fn
260619	158668	fn
260613	218567	fn
260610	158668	fn
260738	1319	fn
260747	102878	fn
260748	11866	fn
260735	59192	fn
260730	139873	fn
260703	158668	fn
260707	218567	fn
260706	184213	fn
260603	37149	fn
260604	218567	fn
260711	218567	fn
260717	34482	fn
260623	102878	fn
260628	109758	fn
260743	139873	fn
260742	218567	fn
260671	80297	fn
260673	218567	fn
260672	218567	fn
260674	1443	fn
260658	159118	fn
260689	218567	fn
260765	34482	fn
260648	1319	fn
260669	59702	fn
260667	218567	fn
260782	218567	fn
260786	102878	fn
260770	1319	fn
260771	102878	fn
260774	139873	fn
260725	218567	fn
260724	339	fn
260552	218567	fn
260554	218567	fn
260555	218567	fn
260509	218567	fn
260500	43912	fn
260462	218567	fn
260466	218567	fn
260579	218567	fn
260576	139873	fn
260570	218567	fn
260482	139873	fn
260542	218567	fn
260549	39017	fn
260516	218567	fn
260532	218567	fn
259369	218567	fn
259363	218567	fn
259360	218567	fn
259365	218567	fn
260445	218567	fn
260461	218567	fn
260418	218567	fn
259382	218567	fn
259388	218567	fn
259386	218567	fn
259191	55246	fn
259192	218567	fn
259254	218567	fn
259321	2110	fn
259351	218567	fn
259173	218567	fn
259174	218567	fn
259242	4713	fn
259248	218567	fn
259328	218567	fn
259219	102878	fn
259218	157267	fn
259107	218567	fn
259123	218567	fn
258979	218567	fn
258978	1319	fn
259116	15972	fn
259118	218567	fn
259141	218567	fn
259144	1319	fn
258960	218567	fn
258961	218567	fn
259085	2110	fn
259125	55437	fn
259121	34482	fn
259105	1319	fn
259020	2110	fn
259023	218567	fn
258995	89467	fn
258999	339	fn
259071	79992	fn
259076	218567	fn
259074	96541	fn
259078	218567	fn
259138	13087	fn
259139	102878	fn
259012	158668	fn
259066	218567	fn
258956	139873	fn
259001	218567	fn
259009	40019	fn
259069	218567	fn
259052	218567	fn
258900	218567	fn
258793	218567	fn
258794	218567	fn
258797	36295	fn
258760	218567	fn
258766	339	fn
258767	3802	fn
258922	4201	fn
258954	34482	fn
258953	218567	fn
258952	218567	fn
258951	218567	fn
258758	218567	fn
258754	218567	fn
258753	139873	fn
258828	218567	fn
258827	218567	fn
258726	218567	fn
258687	218567	fn
258685	218567	fn
258689	2110	fn
258573	218567	fn
258630	218567	fn
258639	2110	fn
258742	218567	fn
258741	218567	fn
258588	102878	fn
258583	1319	fn
258710	339	fn
258714	218567	fn
258717	218567	fn
258672	2110	fn
258544	218567	fn
258545	139873	fn
258548	158668	fn
258620	218567	fn
258628	218567	fn
258595	218567	fn
258394	139873	fn
258474	339	fn
258466	218567	fn
258460	1319	fn
258483	91068	fn
258488	218567	fn
258401	218567	fn
258403	139873	fn
258470	218567	fn
258475	128454	fn
258478	1092	fn
258479	202789	fn
258449	1319	fn
258491	218567	fn
258522	218567	fn
258502	218567	fn
258455	218567	fn
258409	218567	fn
258535	339	fn
258481	55437	fn
258485	1319	fn
258539	218567	fn
258419	553	fn
258411	72839	fn
258340	218567	fn
258348	218567	fn
258337	102878	fn
258334	139873	fn
258349	218567	fn
258344	339	fn
258387	218567	fn
258315	1319	fn
258304	139873	fn
258389	218567	fn
258354	218567	fn
258357	58098	fn
258302	2110	fn
258177	218567	fn
258176	218567	fn
258171	218567	fn
258170	218567	fn
258240	162438	fn
258168	218567	fn
258257	218567	fn
258259	218567	fn
258192	218567	fn
258191	106066	fn
258194	218567	fn
258264	218567	fn
258287	218567	fn
258288	218567	fn
258235	128454	fn
258271	35174	fn
258202	139873	fn
258201	102878	fn
258061	218567	fn
258066	218567	fn
258134	218567	fn
258136	218567	fn
258072	39017	fn
258127	102878	fn
258041	34482	fn
258042	159118	fn
258048	218567	fn
258098	218567	fn
258018	1092	fn
258011	218567	fn
258150	218567	fn
258052	158668	fn
258055	1756	fn
258087	71638	fn
258083	35051	fn
258114	218567	fn
258119	218567	fn
258094	180510	fn
258093	2628	fn
258070	59702	fn
257977	102878	fn
257848	218567	fn
257925	218567	fn
257924	218567	fn
257812	102878	fn
257995	207770	fn
257992	1319	fn
257990	2110	fn
257899	218567	fn
257872	139873	fn
257879	69743	fn
257936	1517	fn
257962	44486	fn
257965	218567	fn
257820	218567	fn
257864	218567	fn
257865	2110	fn
257862	218567	fn
257860	147529	fn
257907	139873	fn
257902	218567	fn
257831	218567	fn
257978	218567	fn
257972	218567	fn
257657	339	fn
257672	72839	fn
257690	55605	fn
257692	218567	fn
257789	102878	fn
257768	102878	fn
257800	145409	fn
257699	218567	fn
257698	139873	fn
257714	128454	fn
257467	218567	fn
257477	34482	fn
257476	218567	fn
257479	218567	fn
257445	1574	fn
257440	1319	fn
257521	218567	fn
257484	1319	fn
257385	218567	fn
257382	163852	fn
257380	218567	fn
257469	218567	fn
257529	218567	fn
257528	55437	fn
257522	2110	fn
257525	218567	fn
257510	218567	fn
257417	218567	fn
257419	1319	fn
257424	5461	fn
257405	218567	fn
257450	1319	fn
257559	95600	fn
257377	218567	fn
257503	139873	fn
257505	213330	fn
257509	218567	fn
257574	218567	fn
257439	218567	fn
257438	218567	fn
257436	1319	fn
257433	1319	fn
257218	218567	fn
257340	218567	fn
257236	218567	fn
257351	218567	fn
257224	218567	fn
257273	218567	fn
257339	218567	fn
257330	55246	fn
257172	47398	fn
257178	218567	fn
257179	163826	fn
257233	102878	fn
257364	139873	fn
257211	218567	fn
257219	29916	fn
257286	139873	fn
257209	139873	fn
257044	218567	fn
257165	56621	fn
257134	2110	fn
257031	60014	fn
257083	218567	fn
257059	218567	fn
257147	218567	fn
257120	139873	fn
256971	1319	fn
256970	102878	fn
256993	218567	fn
256995	218567	fn
257022	218567	fn
257020	102878	fn
257026	218567	fn
257025	218567	fn
257029	218567	fn
256964	218567	fn
256994	218567	fn
256936	218567	fn
256983	218567	fn
256984	158668	fn
256955	93809	fn
256950	218567	fn
256952	102878	fn
257018	339	fn
257011	128454	fn
256946	10923	fn
256940	218567	fn
256999	1319	fn
257003	218567	fn
256902	218567	fn
256900	218567	fn
256638	1319	fn
256639	218567	fn
256734	45183	fn
256723	218567	fn
256726	184117	fn
256672	36295	fn
256617	34482	fn
256615	218567	fn
256612	139873	fn
256757	102878	fn
256750	1319	fn
256758	18760	fn
256693	159118	fn
256716	218567	fn
256761	99124	fn
256685	218567	fn
256687	218567	fn
256598	202151	fn
256629	218567	fn
256627	218567	fn
256626	1319	fn
256621	170530	fn
256707	218567	fn
256701	139873	fn
256698	36295	fn
256695	218567	fn
256420	339	fn
256423	108315	fn
256459	218567	fn
256455	218567	fn
256451	218567	fn
256452	102878	fn
256561	218567	fn
256573	218567	fn
256471	218567	fn
256474	1756	fn
256507	218567	fn
256505	339	fn
256553	218567	fn
256544	158668	fn
256545	218567	fn
256572	218567	fn
256372	218567	fn
256322	34482	fn
256371	1319	fn
256386	218567	fn
256364	1319	fn
256365	139873	fn
256289	1319	fn
256288	1319	fn
256281	218567	fn
256283	218567	fn
256271	97808	fn
256272	218567	fn
256277	218567	fn
256246	102878	fn
256317	1319	fn
256313	1319	fn
256318	219279	fn
256303	2110	fn
256304	218567	fn
256400	218567	fn
256370	34482	fn
256355	104554	fn
256354	34482	fn
256258	115421	fn
256257	218567	fn
256253	218567	fn
256251	36295	fn
256390	1319	fn
256339	1319	fn
256331	1319	fn
256410	339	fn
256346	218567	fn
256343	1319	fn
256380	218567	fn
256398	218567	fn
256127	139873	fn
256122	218567	fn
256210	121026	fn
256219	160539	fn
256081	339	fn
256112	339	fn
256115	196498	fn
256193	218567	fn
256082	160539	fn
256108	1319	fn
256102	218567	fn
256100	218567	fn
256176	218567	fn
256230	218567	fn
256231	218567	fn
256232	1319	fn
256404	102878	fn
255855	218567	fn
255854	1319	fn
255859	218567	fn
255919	158668	fn
255863	218567	fn
255867	218567	fn
255838	218567	fn
255770	1319	fn
255820	158668	fn
255828	33468	fn
255829	218567	fn
255713	218567	fn
255741	102878	fn
255664	102878	fn
255698	102878	fn
255690	1319	fn
255566	139873	fn
255707	218567	fn
255706	218567	fn
255686	218567	fn
255682	218567	fn
255595	218567	fn
255597	41116	fn
255525	218567	fn
255523	72725	fn
255522	218567	fn
255529	218567	fn
255443	141166	fn
255554	218567	fn
255423	197482	fn
255425	1319	fn
255478	2110	fn
255532	339	fn
255550	218567	fn
255372	38208	fn
255395	218567	fn
255268	218567	fn
255266	218567	fn
255397	100905	fn
255398	218567	fn
255345	218567	fn
255373	2110	fn
255332	218567	fn
255328	218567	fn
255269	218567	fn
255356	218567	fn
255318	151108	fn
255313	39017	fn
255336	218567	fn
255279	69991	fn
255270	139081	fn
255275	218567	fn
255277	218567	fn
255369	218567	fn
255367	1319	fn
255196	218567	fn
255197	218567	fn
255114	218567	fn
255112	218567	fn
255178	36295	fn
255171	1319	fn
255181	1092	fn
255189	139873	fn
255166	339	fn
255130	218567	fn
255010	147966	fn
255012	339	fn
255014	130688	fn
254940	218567	fn
254990	218567	fn
255013	102878	fn
254982	218567	fn
254983	218567	fn
254961	102878	fn
254944	218567	fn
255066	218567	fn
254998	218567	fn
254996	218567	fn
254992	218567	fn
255051	139873	fn
255050	1319	fn
255072	218567	fn
254767	139873	fn
254884	34482	fn
254887	180648	fn
254879	339	fn
254828	218567	fn
254822	97808	fn
254820	142210	fn
254824	218567	fn
254917	218567	fn
254894	102878	fn
254793	1319	fn
254792	202151	fn
254805	218567	fn
254624	218567	fn
254627	102878	fn
254753	218567	fn
254743	218567	fn
254748	218567	fn
254613	102667	fn
254614	218567	fn
254617	218567	fn
254619	218567	fn
254641	218567	fn
254648	339	fn
254720	218567	fn
254738	1756	fn
254737	1319	fn
254736	20538	fn
254732	218567	fn
254731	218567	fn
254531	1319	fn
254533	218567	fn
254532	218567	fn
254537	139873	fn
254529	102878	fn
254416	1319	fn
254489	218567	fn
254572	218567	fn
254445	3473	fn
254492	218567	fn
254499	34482	fn
254539	339	fn
254574	55246	fn
254577	158668	fn
254501	1319	fn
254484	1319	fn
254481	98860	fn
254468	1319	fn
254371	218567	fn
254390	218567	fn
254330	139873	fn
254335	139873	fn
254278	158668	fn
254275	2110	fn
254272	13087	fn
254270	218567	fn
254389	203880	fn
254383	218567	fn
254385	41159	fn
254287	218567	fn
254293	218567	fn
254165	218567	fn
254198	218567	fn
254209	1319	fn
254203	2110	fn
254106	218567	fn
254099	37098	fn
254154	218567	fn
254145	218567	fn
254149	218567	fn
254221	34482	fn
254040	218567	fn
254195	218567	fn
254193	218567	fn
254124	52542	fn
254122	38820	fn
254078	218567	fn
254098	139873	fn
254178	218567	fn
254180	52542	fn
254187	1319	fn
253948	218567	fn
253985	218567	fn
253936	1319	fn
253930	218567	fn
253938	218567	fn
254028	218567	fn
253956	218567	fn
253952	1319	fn
254035	218567	fn
253893	102878	fn
253911	158668	fn
253977	339	fn
253874	218567	fn
253970	339	fn
253976	139873	fn
253978	218567	fn
253729	218567	fn
253728	47367	fn
253724	170530	fn
253723	139873	fn
253668	34482	fn
253622	218567	fn
253675	139873	fn
253666	218567	fn
253614	218567	fn
253665	218567	fn
253672	43912	fn
253584	218567	fn
253604	57605	fn
253602	218567	fn
253600	218567	fn
253651	139873	fn
253650	69991	fn
253652	218567	fn
253598	218567	fn
253592	218567	fn
253454	218567	fn
253452	218567	fn
253526	218567	fn
253524	218567	fn
253546	339	fn
253560	218567	fn
253567	8076	fn
253564	102878	fn
253501	218567	fn
253508	218567	fn
253456	218567	fn
253468	339	fn
253469	30481	fn
253464	218567	fn
253463	218567	fn
253502	218567	fn
253275	218567	fn
253377	1319	fn
253370	218567	fn
253323	1319	fn
253425	339	fn
253309	218567	fn
253277	1319	fn
253335	34166	fn
253269	2110	fn
253354	1319	fn
253374	218567	fn
253378	2110	fn
253334	2110	fn
253405	218567	fn
253407	218567	fn
253125	2110	fn
253200	181182	fn
253150	2110	fn
253151	218567	fn
253139	218567	fn
253132	218567	fn
253238	218567	fn
253229	147966	fn
253111	218567	fn
253119	218567	fn
253164	218567	fn
253064	102878	fn
253188	1325	fn
253181	218567	fn
253185	69991	fn
253165	139873	fn
253203	218567	fn
253204	102878	fn
253063	102878	fn
253207	53790	fn
253013	218567	fn
253012	102878	fn
253019	102878	fn
253009	218567	fn
252918	218567	fn
252915	139873	fn
252914	218567	fn
252917	218567	fn
253029	1319	fn
253026	102878	fn
253027	31548	fn
252964	34482	fn
252961	218567	fn
252921	218567	fn
252927	218567	fn
252998	218567	fn
253034	218567	fn
252953	55437	fn
252919	339	fn
252891	218567	fn
252898	34482	fn
252762	60535	fn
252850	218567	fn
252853	139873	fn
252836	139873	fn
252835	218567	fn
252759	218567	fn
252730	159118	fn
252733	1319	fn
252744	218567	fn
252875	218567	fn
252779	1319	fn
252773	218567	fn
252775	218567	fn
252806	139873	fn
252800	1319	fn
252808	39017	fn
252683	218567	fn
252684	218567	fn
252626	102878	fn
252709	41236	fn
252653	47367	fn
252656	34482	fn
252546	218567	fn
252547	339	fn
252543	218567	fn
252517	139873	fn
252516	218567	fn
252494	218567	fn
252500	1319	fn
252506	218567	fn
252504	218567	fn
252505	1319	fn
252570	2110	fn
252468	218567	fn
252464	218567	fn
252559	218567	fn
252554	218567	fn
252614	339	fn
252528	218567	fn
252529	218567	fn
252520	36295	fn
252480	1319	fn
252487	218567	fn
252489	218567	fn
252436	218567	fn
252435	218567	fn
252330	158796	fn
252392	139873	fn
252391	218567	fn
252454	218567	fn
252325	218567	fn
252357	108842	fn
252355	218567	fn
252353	218567	fn
252352	218567	fn
252350	218567	fn
252285	128454	fn
252284	102878	fn
252289	102878	fn
252419	102878	fn
252411	79664	fn
252348	89088	fn
252588	218567	fn
252311	218567	fn
252317	218567	fn
252427	218567	fn
252354	218567	fn
252376	218567	fn
252428	55437	fn
252393	218567	fn
252410	102878	fn
252305	218567	fn
252306	102878	fn
252275	218567	fn
252273	1319	fn
252158	218567	fn
252151	218567	fn
252225	218567	fn
252221	2110	fn
252016	139873	fn
252018	218567	fn
251956	1319	fn
251957	218567	fn
252051	218567	fn
252052	218567	fn
252053	218567	fn
251998	44486	fn
251991	218567	fn
251904	218567	fn
251995	218567	fn
251895	218567	fn
251896	218567	fn
251893	218567	fn
251910	218567	fn
251916	1319	fn
252024	102878	fn
251946	218567	fn
251854	2110	fn
251939	158668	fn
251886	218567	fn
251883	218567	fn
251880	339	fn
251924	12254	fn
251922	102878	fn
251821	218567	fn
251824	218567	fn
251827	5384	fn
251666	218567	fn
251667	158668	fn
251781	218567	fn
251771	218567	fn
251848	218567	fn
251799	102878	fn
251629	218567	fn
251685	186077	fn
251765	339	fn
251763	218567	fn
251762	102878	fn
251761	218567	fn
251543	218567	fn
251542	218567	fn
251556	139873	fn
251610	218567	fn
251604	218567	fn
251490	102878	fn
251496	158668	fn
251499	218567	fn
251517	218567	fn
251511	218567	fn
251460	218567	fn
251463	22131	fn
251459	218567	fn
251587	218567	fn
251386	339	fn
251430	218567	fn
251437	102878	fn
251329	139873	fn
251321	218567	fn
251391	99495	fn
251424	147966	fn
251427	1319	fn
251423	218567	fn
251428	218567	fn
251333	218567	fn
251414	2110	fn
251231	139873	fn
251236	218567	fn
251294	218567	fn
251293	218567	fn
251302	218567	fn
251156	218567	fn
251187	69743	fn
251186	34482	fn
251184	218567	fn
251182	218567	fn
251181	218567	fn
251162	1319	fn
251072	1319	fn
251075	218567	fn
251137	218567	fn
251161	40	fn
251178	4705	fn
251196	218567	fn
251087	218567	fn
251083	218567	fn
251068	1319	fn
251069	218567	fn
251064	2110	fn
251067	102878	fn
251172	34482	fn
251124	218567	fn
251211	139873	fn
251106	218567	fn
251104	218567	fn
251103	26575	fn
251131	218567	fn
251099	34482	fn
251094	5447	fn
251093	1319	fn
251119	218567	fn
251117	7032	fn
251149	39017	fn
250997	218567	fn
250994	1319	fn
250926	29991	fn
250927	218567	fn
250939	151932	fn
250871	218567	fn
250986	218567	fn
250982	218567	fn
250893	218567	fn
250899	39867	fn
250974	218567	fn
250972	102878	fn
250979	218567	fn
250978	218567	fn
251008	1319	fn
251007	2110	fn
251050	139873	fn
250883	139873	fn
250720	218567	fn
250850	218567	fn
250796	1319	fn
250798	102878	fn
250761	1319	fn
250762	339	fn
250769	218567	fn
250824	218567	fn
250821	1319	fn
250829	49414	fn
250783	218567	fn
250780	218567	fn
250730	339	fn
250737	218567	fn
250735	218567	fn
250784	2110	fn
250834	218567	fn
250725	1319	fn
250678	5447	fn
250804	218567	fn
250742	1319	fn
250749	218567	fn
250832	39017	fn
250566	24981	fn
250504	1319	fn
250506	2110	fn
250617	218567	fn
250619	218567	fn
250616	218567	fn
250553	218567	fn
250672	339	fn
250539	218567	fn
250536	218567	fn
250530	218567	fn
250622	157267	fn
250594	218567	fn
250591	218567	fn
250590	218567	fn
250552	218567	fn
250520	218567	fn
250521	2110	fn
250639	3094	fn
250649	339	fn
250648	218567	fn
250645	102878	fn
250470	218567	fn
250321	339	fn
250423	10980	fn
250373	218567	fn
250377	49414	fn
250446	1319	fn
250443	59192	fn
250413	218567	fn
250437	102878	fn
250431	158668	fn
250292	1319	fn
250293	139873	fn
250294	218567	fn
250295	102878	fn
250454	218567	fn
250302	218567	fn
250408	34446	fn
250353	218567	fn
250412	218567	fn
250410	553	fn
250414	158668	fn
250418	218567	fn
250334	218567	fn
250339	102878	fn
250204	1319	fn
250192	1319	fn
250281	218567	fn
250233	7735	fn
250262	218567	fn
250266	339	fn
250269	218567	fn
250184	218567	fn
250188	55437	fn
250194	218567	fn
250176	218567	fn
250171	1319	fn
250218	218567	fn
250215	2110	fn
250049	55437	fn
250041	218567	fn
250039	218567	fn
250002	1319	fn
250087	218567	fn
250005	218567	fn
250020	339	fn
250098	173899	fn
250094	139873	fn
250117	218567	fn
250097	218567	fn
250091	218567	fn
250035	218567	fn
250060	218567	fn
249864	139873	fn
249861	218567	fn
249972	218567	fn
249935	218567	fn
249922	218567	fn
249870	218567	fn
249982	3345	fn
249987	218567	fn
249970	218567	fn
249953	194992	fn
249929	2110	fn
249926	102878	fn
249920	218567	fn
249883	218567	fn
249887	1092	fn
249945	218567	fn
249943	218567	fn
249911	218567	fn
249903	34482	fn
249904	339	fn
249984	183896	fn
249673	218567	fn
249679	218567	fn
249828	11955	fn
249785	940	fn
249780	128454	fn
249788	218567	fn
249818	218567	fn
249814	218567	fn
249751	218567	fn
249758	218567	fn
249836	218567	fn
249822	64744	fn
249831	102878	fn
249688	218567	fn
249684	36295	fn
249779	218567	fn
249778	218567	fn
249777	218567	fn
249771	218567	fn
249772	218567	fn
249700	218567	fn
249841	218567	fn
249699	218567	fn
249695	218567	fn
249692	218567	fn
249762	218567	fn
249763	218567	fn
249689	218567	fn
249734	218567	fn
249736	218567	fn
249808	1319	fn
249718	56621	fn
249710	218567	fn
249717	1319	fn
249783	102878	fn
249524	128454	fn
249484	339	fn
249526	218567	fn
249657	218567	fn
249603	218567	fn
249602	218567	fn
249487	1319	fn
249573	218567	fn
249570	218567	fn
249517	84622	fn
249492	128454	fn
249499	158668	fn
249583	218567	fn
249504	553	fn
249500	218567	fn
249515	218567	fn
249513	34482	fn
249512	12346	fn
249564	218567	fn
249567	218567	fn
249644	218567	fn
249647	218567	fn
249505	102878	fn
249530	120554	fn
249550	218567	fn
249553	158668	fn
249556	218567	fn
249547	218567	fn
249595	1319	fn
249591	1319	fn
249590	218567	fn
249592	1319	fn
249628	139873	fn
249537	218567	fn
249533	218567	fn
249661	218567	fn
249502	218567	fn
249482	34482	fn
249481	218567	fn
249480	218567	fn
249437	218567	fn
249363	139873	fn
249315	1319	fn
249318	218567	fn
249293	191915	fn
249290	218567	fn
249301	2110	fn
249306	102878	fn
249400	152358	fn
249351	34482	fn
249357	816	fn
249415	2110	fn
249374	218567	fn
249344	218567	fn
249343	218567	fn
249442	217797	fn
249441	39017	fn
249447	102878	fn
249399	218567	fn
249369	59702	fn
249397	218567	fn
249421	180648	fn
249297	139873	fn
249228	218567	fn
249223	1319	fn
249221	218567	fn
249225	218567	fn
249288	218567	fn
249178	218567	fn
249173	218567	fn
249249	218567	fn
249255	218567	fn
249201	139873	fn
249056	218567	fn
249002	218567	fn
249006	218567	fn
249060	1319	fn
248886	218567	fn
248887	1319	fn
248875	2110	fn
248857	34482	fn
248852	218567	fn
248850	218567	fn
248950	218567	fn
248988	1319	fn
248849	553	fn
248927	218567	fn
248923	207634	fn
248986	102878	fn
248864	218567	fn
248908	12346	fn
248905	218567	fn
248904	218567	fn
248903	158668	fn
248899	218567	fn
248898	218567	fn
248893	1319	fn
248892	218567	fn
248891	218567	fn
248895	26972	fn
248919	218567	fn
248917	218567	fn
248915	1319	fn
248913	139081	fn
248976	1319	fn
248795	50015	fn
248796	102878	fn
248748	218567	fn
248820	218567	fn
248702	218567	fn
248700	1319	fn
248708	139873	fn
248766	218567	fn
248768	218567	fn
248804	102878	fn
248695	1319	fn
248699	1319	fn
248713	218567	fn
248686	218567	fn
248684	131689	fn
248688	102878	fn
248723	218567	fn
248724	55437	fn
248733	169813	fn
248823	218567	fn
248826	218567	fn
248732	5660	fn
248730	218567	fn
248737	157267	fn
248735	218567	fn
248740	218567	fn
248644	218567	fn
248648	218567	fn
248649	28273	fn
248487	102878	fn
248619	218567	fn
248616	218567	fn
248520	218567	fn
248570	83707	fn
248572	218567	fn
248576	218567	fn
248513	139873	fn
248592	218567	fn
248626	127639	fn
248623	218567	fn
248665	102878	fn
248666	2110	fn
248650	218567	fn
248653	218567	fn
248659	218567	fn
248498	1319	fn
248491	218567	fn
248625	158668	fn
248552	218567	fn
248472	218567	fn
248446	218567	fn
248447	47610	fn
248480	339	fn
248482	218567	fn
248346	218567	fn
248464	218567	fn
248390	218567	fn
248394	19457	fn
248398	218567	fn
248302	139873	fn
248455	218567	fn
248421	218567	fn
248326	218567	fn
248160	218567	fn
248105	162021	fn
248277	102878	fn
248179	218567	fn
248174	218567	fn
248175	1319	fn
248172	218567	fn
248245	190954	fn
248214	102878	fn
248210	218567	fn
248112	218567	fn
248209	218567	fn
248207	218567	fn
248204	218567	fn
248200	218567	fn
248293	102878	fn
248156	26972	fn
248189	218567	fn
248193	218567	fn
248190	218567	fn
248234	128668	fn
248231	339	fn
248230	218567	fn
248239	218567	fn
248276	80	fn
248283	218567	fn
248027	218567	fn
247967	218567	fn
247965	218567	fn
248086	1319	fn
248081	102878	fn
248082	553	fn
248051	218567	fn
247990	1092	fn
248048	139873	fn
248044	218567	fn
248002	52542	fn
248019	1319	fn
248012	102878	fn
248017	218567	fn
247986	339	fn
247980	218567	fn
247983	2110	fn
248036	218567	fn
248076	218567	fn
248072	1319	fn
248005	2110	fn
248064	218567	fn
247956	218567	fn
248049	218567	fn
247906	218567	fn
247902	218567	fn
247903	139873	fn
247874	18848	fn
247872	633	fn
247879	218567	fn
247934	55246	fn
247849	117984	fn
247840	218567	fn
247844	218567	fn
247871	102878	fn
247942	218567	fn
247946	218567	fn
247913	1319	fn
247911	218567	fn
247915	102878	fn
247834	158668	fn
247715	139873	fn
247716	139873	fn
247802	41924	fn
247808	213330	fn
247712	5447	fn
247813	218567	fn
247775	159118	fn
247773	158668	fn
247770	1319	fn
247779	218567	fn
247778	218567	fn
247799	218567	fn
247791	218567	fn
247792	218567	fn
247766	218567	fn
247739	218567	fn
247732	34482	fn
247737	136964	fn
247789	218567	fn
247786	218567	fn
247784	218567	fn
247757	1319	fn
247756	218567	fn
247750	1319	fn
247752	218567	fn
247826	2110	fn
247821	1319	fn
247728	218567	fn
247742	102878	fn
247740	2063	fn
247695	218567	fn
247691	218567	fn
247698	218567	fn
247699	49414	fn
247568	339	fn
247562	218567	fn
247560	218567	fn
247552	218567	fn
247659	14385	fn
247656	102878	fn
247657	1319	fn
247608	339	fn
247603	102878	fn
247602	139873	fn
247618	218567	fn
247615	218567	fn
247676	339	fn
247672	1319	fn
247625	218567	fn
247628	102878	fn
247596	128454	fn
247683	218567	fn
247682	2110	fn
247681	218567	fn
247687	218567	fn
247685	218567	fn
247684	218567	fn
247583	339	fn
247409	218567	fn
247404	218567	fn
247527	102878	fn
247524	102878	fn
247369	339	fn
247340	218567	fn
247341	55437	fn
247344	218567	fn
247480	44486	fn
247334	218567	fn
247541	158668	fn
247377	1319	fn
247445	218567	fn
247244	218567	fn
247138	218567	fn
247131	218567	fn
247137	196527	fn
247255	218567	fn
247257	139873	fn
247253	2110	fn
247258	2110	fn
247259	33758	fn
247320	102878	fn
247322	218567	fn
247328	93922	fn
247198	218567	fn
247192	139873	fn
247190	218567	fn
247287	218567	fn
247288	218567	fn
247124	2110	fn
247311	218567	fn
247310	66033	fn
247261	1319	fn
247185	34482	fn
247299	218567	fn
247290	1319	fn
247293	1319	fn
247159	1319	fn
247158	218567	fn
247272	139873	fn
247276	218567	fn
247147	218567	fn
247301	117984	fn
247205	218567	fn
247201	187976	fn
247177	5447	fn
247171	159118	fn
247179	1319	fn
247178	218567	fn
247123	218567	fn
247212	218567	fn
247218	158668	fn
247005	218567	fn
247011	23362	fn
247089	2110	fn
247105	339	fn
247107	1319	fn
246960	2110	fn
246968	139873	fn
246990	1319	fn
246993	218567	fn
246997	102878	fn
247026	158668	fn
247025	218567	fn
247113	218567	fn
247112	102878	fn
247117	218567	fn
247114	139873	fn
247119	218567	fn
247095	139873	fn
247093	218567	fn
246972	218567	fn
246971	218567	fn
247038	218567	fn
247032	158668	fn
247073	218567	fn
246903	218567	fn
246901	1319	fn
246900	218567	fn
246907	218567	fn
246904	139873	fn
246902	218567	fn
246842	69991	fn
246844	1319	fn
246835	218567	fn
246829	2110	fn
246872	158668	fn
246870	218567	fn
246874	218567	fn
246816	139873	fn
246718	218567	fn
246673	1319	fn
246539	218567	fn
246615	34482	fn
246505	1319	fn
246603	339	fn
246522	218567	fn
246524	139873	fn
246528	1319	fn
246640	218567	fn
246368	2110	fn
246443	1319	fn
246316	218567	fn
246342	218567	fn
246346	1319	fn
246502	218567	fn
246501	56448	fn
246353	3565	fn
246492	55437	fn
246495	158668	fn
246494	139873	fn
246497	34482	fn
246486	156521	fn
246384	58098	fn
246452	218567	fn
246428	218567	fn
246420	14821	fn
246493	218567	fn
246394	218567	fn
246392	218567	fn
246391	218567	fn
246335	1319	fn
246337	218567	fn
246298	218567	fn
246141	218567	fn
246144	218567	fn
246263	2110	fn
246122	218567	fn
246293	218567	fn
246292	218567	fn
246312	102878	fn
246186	218567	fn
246184	218567	fn
246181	80	fn
245929	218567	fn
246143	139873	fn
246102	75535	fn
246039	339	fn
245970	218567	fn
245979	201128	fn
246094	218567	fn
246008	218567	fn
246084	39380	fn
246082	139873	fn
245916	218567	fn
246021	1319	fn
246026	218567	fn
245899	218567	fn
245894	218567	fn
245964	339	fn
