18938	113410	transitive
72247	97898	transitive
47049	47863	transitive
116412	117526	transitive
116352	117526	transitive
115478	117526	transitive
113410	117526	transitive
112911	117526	transitive
106961	117526	transitive
106527	117526	transitive
61941	117526	transitive
18938	117526	transitive
116352	116412	transitive
115478	116412	transitive
113410	116412	transitive
112911	116412	transitive
106961	116412	transitive
106527	116412	transitive
61941	116412	transitive
18938	116412	transitive
115478	116352	transitive
113410	116352	transitive
112911	116352	transitive
106961	116352	transitive
106527	116352	transitive
61941	116352	transitive
18938	116352	transitive
113410	115478	transitive
112911	115478	transitive
106961	115478	transitive
106527	115478	transitive
61941	115478	transitive
18938	115478	transitive
112911	113410	transitive
106961	113410	transitive
106527	113410	transitive
61941	113410	transitive
18938	113410	transitive
106961	112911	transitive
106527	112911	transitive
61941	112911	transitive
18938	112911	transitive
106527	106961	transitive
61941	106961	transitive
18938	106961	transitive
61941	106527	transitive
18938	106527	transitive
18938	61941	transitive
30502	61749	transitive
51776	106639	transitive
72160	75565	transitive
113767	155926	transitive
45378	47062	transitive
102873	116473	transitive
145583	145811	transitive
4696	120407	transitive
6187	73082	transitive
69386	73082	transitive
42013	46398	transitive
49339	78836	transitive
131546	131589	transitive
6818	167513	transitive
219797	1567	fn
219794	1567	fn
219793	1567	fn
219791	1567	fn
219798	1567	fn
219799	1567	fn
219822	1567	fn
219779	1567	fn
219795	1567	fn
219819	70055	fn
219811	1567	fn
219816	199	fn
219803	578	fn
219805	1567	fn
219821	1567	fn
219669	1567	fn
219705	1567	fn
219700	1567	fn
219726	1567	fn
219724	1567	fn
219722	1567	fn
219729	58391	fn
219728	1567	fn
219736	1567	fn
219699	20494	fn
219698	119	fn
219692	1567	fn
219695	1567	fn
219694	85449	fn
219770	1567	fn
219718	1567	fn
219719	1567	fn
219712	1567	fn
219710	1567	fn
219711	1567	fn
219709	1567	fn
219706	1567	fn
219741	1567	fn
219745	73031	fn
219677	1567	fn
219679	1567	fn
219739	1567	fn
219731	22031	fn
219733	1567	fn
219737	1567	fn
219771	1567	fn
219684	1567	fn
219685	119	fn
219686	1567	fn
219681	1567	fn
219689	1567	fn
219768	1567	fn
219763	578	fn
219760	578	fn
219750	1567	fn
219759	78754	fn
219664	1567	fn
219662	1567	fn
219573	1567	fn
219571	1567	fn
219639	1567	fn
219631	1567	fn
219667	1567	fn
219663	1567	fn
219644	12653	fn
219612	1567	fn
219610	1567	fn
219615	1567	fn
219526	1567	fn
219528	1567	fn
219554	1567	fn
219550	1567	fn
219553	5744	fn
219558	1567	fn
219509	1567	fn
219507	1567	fn
219506	1567	fn
219473	578	fn
219472	1567	fn
219471	1567	fn
219478	1567	fn
219534	1567	fn
219531	1567	fn
219459	1567	fn
219454	40667	fn
219537	4089	fn
219448	25999	fn
219445	1567	fn
219499	1567	fn
219494	1567	fn
219510	5800	fn
219511	10309	fn
219512	1567	fn
219513	1567	fn
219515	1567	fn
219516	1567	fn
219518	1567	fn
219508	1567	fn
219458	1567	fn
219452	1567	fn
219464	90835	fn
219465	1567	fn
219467	1567	fn
219462	1567	fn
219463	156231	fn
219469	1567	fn
219541	1567	fn
219540	105496	fn
219407	90835	fn
219405	1567	fn
219403	30230	fn
219401	1567	fn
219438	1567	fn
219390	1567	fn
219391	1567	fn
219395	108607	fn
219398	1567	fn
219406	1567	fn
219408	1567	fn
219344	1567	fn
219439	1567	fn
219367	1567	fn
219366	668	fn
219363	578	fn
219423	1567	fn
219357	1567	fn
219420	1567	fn
219426	1567	fn
219440	1567	fn
219434	1567	fn
219431	1567	fn
219381	1567	fn
219169	1567	fn
218848	1567	fn
218840	1567	fn
218842	1567	fn
218836	1567	fn
218902	1567	fn
218907	163762	fn
218867	1567	fn
218860	1567	fn
218795	1567	fn
218797	1567	fn
218796	1567	fn
218791	1567	fn
218793	1567	fn
218908	1567	fn
218827	1567	fn
218819	12653	fn
218858	119	fn
218852	1567	fn
218889	1567	fn
218888	1567	fn
218886	1567	fn
218800	58391	fn
218802	1567	fn
218805	12653	fn
218806	12653	fn
218809	1567	fn
218896	1567	fn
218869	1567	fn
218702	1567	fn
218703	1567	fn
218758	1567	fn
218750	1567	fn
218757	103018	fn
218784	715	fn
218701	1567	fn
218654	1567	fn
218656	1567	fn
218658	1567	fn
218723	1567	fn
218725	1567	fn
218726	1567	fn
218657	1567	fn
218651	104953	fn
218659	1567	fn
218785	1567	fn
218685	1567	fn
218683	149076	fn
218681	1567	fn
218689	1567	fn
218773	1567	fn
218770	1567	fn
218774	1567	fn
218742	166355	fn
218746	1567	fn
218744	11409	fn
218772	1567	fn
218668	96227	fn
218663	1567	fn
218665	1567	fn
218664	1567	fn
218666	1567	fn
218716	1567	fn
218710	1567	fn
218699	715	fn
218692	1567	fn
218693	135683	fn
218694	1567	fn
218650	46966	fn
218767	1567	fn
218763	1567	fn
218768	38096	fn
218765	1567	fn
218662	1567	fn
218646	578	fn
218296	1567	fn
218297	1567	fn
218242	1567	fn
218240	578	fn
218248	1567	fn
218177	1567	fn
218274	1567	fn
218275	1567	fn
218271	13900	fn
218179	1567	fn
218178	11335	fn
218171	95016	fn
218174	50305	fn
218197	1560	fn
218229	47171	fn
218189	12653	fn
218181	1567	fn
218186	715	fn
218187	1567	fn
218253	1567	fn
218256	1567	fn
218153	1567	fn
217927	1567	fn
217926	92041	fn
217925	1567	fn
217897	1567	fn
217999	1567	fn
217995	1567	fn
217989	1567	fn
217915	1567	fn
217984	1567	fn
217949	119	fn
217948	1567	fn
217944	1567	fn
217947	1567	fn
217946	1567	fn
217943	1567	fn
218005	1567	fn
218007	1567	fn
217900	57985	fn
217903	1567	fn
217904	1567	fn
217937	1567	fn
217930	1567	fn
217932	1567	fn
217913	1567	fn
217910	70055	fn
217957	1567	fn
217961	1567	fn
217960	1567	fn
217969	1567	fn
217977	1567	fn
217916	1567	fn
217959	1567	fn
217956	1567	fn
217954	1567	fn
217951	1567	fn
218018	1567	fn
218019	1567	fn
218012	715	fn
218013	1567	fn
218016	1567	fn
218017	1567	fn
218015	10309	fn
217978	1567	fn
217631	1567	fn
217630	1567	fn
217587	1567	fn
217607	1567	fn
217604	1567	fn
217602	1567	fn
217603	1567	fn
217600	1567	fn
217608	1567	fn
217515	1567	fn
217510	1567	fn
217541	1567	fn
217543	1567	fn
217542	1567	fn
217546	1567	fn
217532	1567	fn
217512	1567	fn
217567	1567	fn
217565	1567	fn
217551	90344	fn
217556	1567	fn
217569	158901	fn
217575	1567	fn
217577	1567	fn
217570	1567	fn
217571	1567	fn
217560	1567	fn
217522	1567	fn
217527	1567	fn
217526	115500	fn
217525	1567	fn
217529	1567	fn
217518	578	fn
217429	38096	fn
217420	1567	fn
217424	1567	fn
217472	1567	fn
217478	1567	fn
217497	166355	fn
217441	1567	fn
217499	69887	fn
217483	1567	fn
217476	1567	fn
217473	1567	fn
217459	1567	fn
217458	1567	fn
217457	1567	fn
217453	149611	fn
217450	84922	fn
217488	1567	fn
217482	1567	fn
217466	1567	fn
217463	1567	fn
217469	1567	fn
217508	1567	fn
217500	13900	fn
217502	1567	fn
217439	1567	fn
217431	120272	fn
217433	120272	fn
217443	1567	fn
217491	1567	fn
217490	1567	fn
217357	1567	fn
217320	1567	fn
217322	1567	fn
217326	1567	fn
217413	149236	fn
217351	578	fn
217331	1567	fn
217386	1567	fn
217385	1567	fn
217389	1567	fn
217306	1567	fn
217308	167560	fn
217406	1567	fn
217407	1567	fn
217401	1567	fn
217409	1567	fn
217332	119	fn
217338	1567	fn
217371	1567	fn
217364	1567	fn
217360	1567	fn
217394	1567	fn
217396	1567	fn
217397	1567	fn
217390	69450	fn
217391	1567	fn
217393	1567	fn
217314	70179	fn
217315	1567	fn
217310	1567	fn
217344	1567	fn
217340	1567	fn
217402	1567	fn
217333	1567	fn
217378	1567	fn
217372	1567	fn
217305	50305	fn
217392	1567	fn
217412	70179	fn
217209	1567	fn
217259	1567	fn
217252	2603	fn
217277	1567	fn
216397	1567	fn
216450	1567	fn
216008	1567	fn
215954	1567	fn
215957	10309	fn
215989	12653	fn
215987	1567	fn
215986	1567	fn
215982	1567	fn
215981	131697	fn
215925	725	fn
215907	1567	fn
215904	1567	fn
215902	1567	fn
216012	1567	fn
215930	1567	fn
215931	38096	fn
215938	1567	fn
215936	40251	fn
215937	1567	fn
215965	1567	fn
215827	1567	fn
215890	1567	fn
215790	1567	fn
215894	1567	fn
215891	715	fn
215668	155187	fn
215709	1567	fn
215701	1567	fn
215700	1567	fn
215704	1567	fn
215770	1567	fn
215774	1567	fn
215776	1567	fn
215648	1567	fn
215779	1567	fn
215723	1567	fn
215722	1567	fn
215747	1567	fn
215696	578	fn
215699	1567	fn
215718	110349	fn
215712	1567	fn
215745	715	fn
215744	1567	fn
215746	85449	fn
215756	578	fn
215691	1567	fn
215665	1567	fn
215737	1567	fn
215738	1456	fn
215713	1567	fn
215714	1567	fn
215688	1567	fn
215682	1403	fn
215684	11658	fn
215687	1567	fn
215769	1567	fn
215767	1567	fn
215763	158901	fn
215735	1567	fn
215739	1567	fn
215689	1567	fn
215652	1567	fn
215654	1567	fn
215754	1567	fn
215752	1567	fn
215750	1567	fn
215759	1567	fn
215721	1567	fn
215727	1567	fn
215766	1567	fn
215547	1567	fn
215548	1567	fn
215623	1567	fn
215634	77513	fn
215637	1567	fn
215631	119	fn
215630	1567	fn
215632	1567	fn
215579	120741	fn
215576	1567	fn
215577	1567	fn
215575	1567	fn
215647	1567	fn
215640	1567	fn
215641	1567	fn
215554	1567	fn
215556	1567	fn
215627	1567	fn
215621	1567	fn
215628	1567	fn
215629	1567	fn
215580	1567	fn
215587	1567	fn
215611	1567	fn
215600	1567	fn
215603	1567	fn
215609	1567	fn
215551	715	fn
215568	2603	fn
215565	1567	fn
215562	138045	fn
215635	1567	fn
215594	1567	fn
215596	1567	fn
215591	1567	fn
215592	1567	fn
215593	1567	fn
215598	1567	fn
215642	1567	fn
215584	1567	fn
215589	1567	fn
215520	1567	fn
215525	1567	fn
215502	578	fn
215543	1567	fn
215542	161969	fn
215538	1567	fn
215530	1567	fn
215537	1567	fn
215529	125774	fn
215499	578	fn
215490	1567	fn
215492	2603	fn
215495	1567	fn
215494	57772	fn
215503	1567	fn
215518	78021	fn
215515	34759	fn
215510	1567	fn
215468	1567	fn
215460	1567	fn
215463	1567	fn
215464	1567	fn
215465	578	fn
215467	1567	fn
215439	1567	fn
215435	1567	fn
215481	1567	fn
215484	1567	fn
215404	1567	fn
215409	1567	fn
215459	715	fn
215450	77513	fn
215428	1567	fn
215421	1567	fn
215477	1567	fn
215476	12653	fn
215449	103181	fn
215442	1567	fn
215402	1567	fn
215403	1567	fn
215407	58391	fn
215411	1567	fn
215413	1567	fn
215415	1567	fn
215416	1567	fn
215418	1567	fn
215308	1567	fn
215306	1567	fn
215321	90939	fn
215393	1567	fn
215299	1567	fn
215297	715	fn
215295	1567	fn
215315	1567	fn
215310	1567	fn
215311	1567	fn
215340	1567	fn
215343	1567	fn
215345	1567	fn
215331	1567	fn
215333	1567	fn
215336	1567	fn
215337	1567	fn
215289	1567	fn
215369	1567	fn
214963	1567	fn
215051	1567	fn
215053	1567	fn
215055	1567	fn
214930	1567	fn
214937	1567	fn
215020	1567	fn
215021	1567	fn
215023	1567	fn
215024	1567	fn
215025	1567	fn
214943	1567	fn
214944	1567	fn
214947	1567	fn
214993	1567	fn
215006	1567	fn
214960	1567	fn
215040	162002	fn
215041	1567	fn
215045	1567	fn
214927	1567	fn
215010	1567	fn
215013	72651	fn
215012	1567	fn
214975	1567	fn
214972	1567	fn
215030	1567	fn
214985	1567	fn
214986	578	fn
214980	668	fn
215034	1567	fn
215033	12653	fn
215032	1456	fn
214957	1567	fn
214956	1567	fn
214952	111751	fn
214888	1567	fn
214875	1567	fn
214826	1567	fn
214825	1567	fn
214816	1567	fn
214818	166355	fn
214899	70179	fn
214897	13900	fn
214894	715	fn
214895	1567	fn
214892	1567	fn
214890	1567	fn
214913	1567	fn
214911	1567	fn
214910	1567	fn
214915	1567	fn
214887	578	fn
214843	1567	fn
214847	1567	fn
214879	1567	fn
214834	1567	fn
214823	1567	fn
214860	1567	fn
214869	1567	fn
214863	1567	fn
214867	617	fn
214866	1567	fn
214909	1567	fn
214905	128091	fn
214901	578	fn
214858	1567	fn
214859	1567	fn
214850	1567	fn
214851	1567	fn
214832	1567	fn
214805	1567	fn
214814	1567	fn
214810	1567	fn
214774	1567	fn
214773	1567	fn
214770	3014	fn
214778	1567	fn
214785	1567	fn
214776	1567	fn
214784	1567	fn
214793	162745	fn
214792	1567	fn
214782	1567	fn
214795	1567	fn
214769	119	fn
214764	1567	fn
214767	1567	fn
214790	1567	fn
214738	19446	fn
214731	90939	fn
214730	1567	fn
214703	1567	fn
214757	1567	fn
214751	1567	fn
214737	1567	fn
214727	165249	fn
214722	119	fn
214754	4089	fn
214756	119	fn
214749	1567	fn
214740	668	fn
214741	1567	fn
214713	1567	fn
214719	1567	fn
214746	715	fn
214708	119	fn
214700	1567	fn
214678	1567	fn
214674	1567	fn
214627	1567	fn
214652	1567	fn
214655	1567	fn
214687	1567	fn
214688	1567	fn
214632	1567	fn
214631	1567	fn
214634	578	fn
214638	1567	fn
214639	1567	fn
214587	58391	fn
214664	1567	fn
214667	119	fn
214647	13900	fn
214611	1567	fn
214612	1567	fn
214596	1567	fn
214690	1567	fn
214692	1567	fn
214698	1567	fn
214697	1567	fn
214699	1567	fn
214614	1567	fn
214602	1567	fn
214644	1567	fn
214641	1567	fn
214640	1567	fn
214624	1567	fn
214626	1567	fn
214672	1567	fn
214533	1567	fn
214549	1567	fn
214526	1567	fn
214518	128091	fn
214512	1567	fn
214493	1567	fn
214498	1567	fn
214520	1567	fn
214571	1567	fn
214577	1567	fn
214503	578	fn
214509	1567	fn
214580	1567	fn
214585	1567	fn
214553	1567	fn
214550	51285	fn
214554	1567	fn
214558	1567	fn
214593	1567	fn
214569	70055	fn
214566	1567	fn
214547	119	fn
214540	1567	fn
214517	1567	fn
214515	1567	fn
214514	1567	fn
214510	1567	fn
214471	1567	fn
214477	1567	fn
214479	95016	fn
214426	1567	fn
214472	1567	fn
214473	1567	fn
214475	1567	fn
214478	1567	fn
214440	324	fn
214443	1567	fn
214442	1567	fn
214431	1567	fn
214395	1567	fn
214396	1567	fn
214469	1567	fn
214467	1567	fn
214463	1567	fn
214421	1567	fn
214450	58391	fn
214458	1567	fn
214455	1567	fn
214453	1567	fn
214484	1567	fn
214433	1567	fn
214197	1567	fn
214196	1567	fn
214194	1567	fn
214204	1567	fn
214203	1567	fn
214181	1567	fn
214182	1567	fn
214210	1567	fn
214211	1567	fn
214215	1567	fn
214217	715	fn
214220	119	fn
214128	159403	fn
214127	1567	fn
214125	12653	fn
214176	1567	fn
214171	1567	fn
214170	1567	fn
214172	1567	fn
214178	1567	fn
214145	1567	fn
214147	1567	fn
214123	578	fn
214121	1567	fn
214164	1567	fn
214163	1567	fn
214161	55045	fn
214134	1567	fn
214137	119	fn
214159	668	fn
214156	1567	fn
214079	1567	fn
214077	1567	fn
214112	1567	fn
214117	1567	fn
214103	115279	fn
214093	12653	fn
214116	1567	fn
214094	162864	fn
214092	1567	fn
214098	1567	fn
214105	1567	fn
214095	1567	fn
214032	1567	fn
214104	578	fn
214109	1567	fn
214076	1567	fn
214024	1567	fn
214021	1567	fn
214102	1567	fn
213639	1567	fn
213633	1567	fn
213630	1567	fn
213637	119	fn
213575	1567	fn
213524	1567	fn
213544	1567	fn
213546	1567	fn
213542	578	fn
213520	1567	fn
213545	1567	fn
213550	1567	fn
213568	1567	fn
213567	1567	fn
213563	1567	fn
213561	1567	fn
213552	1567	fn
213535	1567	fn
213462	1567	fn
213467	1567	fn
213464	1567	fn
213509	1567	fn
213501	1567	fn
213500	1567	fn
213502	1567	fn
213505	1567	fn
213489	1567	fn
213495	1567	fn
213492	1567	fn
213512	1567	fn
213516	1567	fn
213517	1567	fn
213472	11409	fn
213477	1567	fn
213508	1567	fn
213481	1567	fn
213454	1567	fn
213497	1567	fn
213457	117522	fn
213456	1567	fn
213459	127263	fn
213449	1567	fn
213437	1567	fn
213438	151914	fn
213446	1567	fn
213413	1567	fn
213419	1567	fn
213412	57772	fn
213426	86967	fn
213428	1567	fn
213402	1567	fn
213408	109202	fn
213451	1567	fn
213453	1567	fn
213407	1567	fn
213425	1567	fn
213372	1567	fn
213392	1567	fn
213394	1567	fn
213397	1567	fn
213387	1567	fn
213340	578	fn
213346	1567	fn
213344	578	fn
213288	1567	fn
213286	1567	fn
213324	1567	fn
213321	1567	fn
213323	1567	fn
213250	1567	fn
213255	1567	fn
213254	1567	fn
213256	1567	fn
213305	1567	fn
213270	1567	fn
213272	1567	fn
213271	1567	fn
213274	1567	fn
213332	1567	fn
213248	1567	fn
213243	1567	fn
213247	1567	fn
213245	1567	fn
213329	1567	fn
213294	1567	fn
213291	1567	fn
213290	1567	fn
213292	1567	fn
213313	1567	fn
213317	1567	fn
213319	1567	fn
213316	1567	fn
213266	1567	fn
213261	1567	fn
213268	715	fn
213187	1567	fn
213186	1567	fn
213189	108572	fn
213237	119	fn
213207	1567	fn
213203	1567	fn
213209	1567	fn
213098	1567	fn
213106	1567	fn
213128	1567	fn
213191	1567	fn
213222	1567	fn
213224	1567	fn
213227	1567	fn
213229	1567	fn
213092	1567	fn
213149	1567	fn
213151	1567	fn
213137	4089	fn
213200	1567	fn
213165	1567	fn
213094	1567	fn
213141	1567	fn
214206	1567	fn
213150	1567	fn
213177	12653	fn
213033	578	fn
213037	1567	fn
213036	1567	fn
213041	1567	fn
213043	1567	fn
213012	1567	fn
213022	1567	fn
213024	10309	fn
213016	1567	fn
213074	1567	fn
213079	1567	fn
213031	1567	fn
213070	2838	fn
213087	1567	fn
213088	1567	fn
213089	1567	fn
213085	1567	fn
213057	1567	fn
213066	1567	fn
213067	1567	fn
213064	1567	fn
213068	1567	fn
212951	1567	fn
212979	1595	fn
212978	1456	fn
212953	1567	fn
213000	131444	fn
212993	12653	fn
212995	119	fn
212996	1567	fn
212960	1567	fn
212962	1567	fn
212964	2802	fn
212968	1567	fn
213006	119	fn
213007	1567	fn
212982	1567	fn
212977	1567	fn
212976	1567	fn
212989	1567	fn
212981	1567	fn
212924	1567	fn
212927	1567	fn
212923	1567	fn
212928	1567	fn
212929	1567	fn
212950	1567	fn
212948	1567	fn
212911	1567	fn
212915	1567	fn
212914	1567	fn
212916	139015	fn
212949	1567	fn
212904	1567	fn
212880	1567	fn
212894	1567	fn
212897	617	fn
212891	1567	fn
212893	1567	fn
212821	1567	fn
212820	1567	fn
212822	1567	fn
212855	1567	fn
212856	1567	fn
212793	1567	fn
212802	1567	fn
212839	1567	fn
212833	1567	fn
212835	1567	fn
212830	12607	fn
212808	1567	fn
212818	1567	fn
212849	1567	fn
212844	1567	fn
212814	1567	fn
212817	1567	fn
212812	1567	fn
212845	1567	fn
212861	1567	fn
212860	1567	fn
212724	1567	fn
212747	1567	fn
212717	1567	fn
212696	58391	fn
212697	1567	fn
212692	1567	fn
212691	1567	fn
212699	1567	fn
212786	1567	fn
212695	1567	fn
212740	1567	fn
212744	1567	fn
212708	1567	fn
212722	1567	fn
212727	1567	fn
212780	1567	fn
212772	1567	fn
212766	1567	fn
212767	105733	fn
212762	1567	fn
212769	1567	fn
212735	1567	fn
212616	1567	fn
212588	578	fn
212587	1567	fn
212677	85449	fn
212605	1567	fn
212622	1567	fn
212629	715	fn
212628	1567	fn
212619	1567	fn
212615	1567	fn
212610	1567	fn
212577	1567	fn
212576	1567	fn
212575	1567	fn
212643	1567	fn
212649	1567	fn
212639	1567	fn
212632	13900	fn
212640	1567	fn
212645	1567	fn
212612	1567	fn
212595	1567	fn
212662	1567	fn
212667	1456	fn
212674	1567	fn
212671	1567	fn
212653	1567	fn
212654	1567	fn
212659	1567	fn
212663	1567	fn
212594	1567	fn
212680	1567	fn
212604	1567	fn
212683	20152	fn
212609	1567	fn
212553	1567	fn
212507	1567	fn
212483	324	fn
212573	1567	fn
212572	1567	fn
212571	1567	fn
212541	1567	fn
212493	715	fn
212516	1567	fn
212505	61872	fn
212558	119	fn
212425	1567	fn
212456	1567	fn
212459	1567	fn
212455	1567	fn
212452	1567	fn
212439	58391	fn
212461	1567	fn
212417	1567	fn
212471	1567	fn
212447	1567	fn
212445	1567	fn
212444	1567	fn
212440	1567	fn
212470	1456	fn
212474	1567	fn
212423	1567	fn
212338	58391	fn
212346	1567	fn
212348	1567	fn
212393	1567	fn
212398	1567	fn
212379	1567	fn
212370	1567	fn
212372	715	fn
212375	1567	fn
212377	1567	fn
212400	578	fn
212389	1567	fn
212380	1567	fn
212345	1567	fn
212341	1567	fn
212369	1567	fn
212364	1567	fn
212288	131444	fn
212331	1567	fn
212257	163762	fn
212272	1567	fn
212276	1567	fn
212317	1567	fn
212291	1567	fn
212295	1567	fn
212298	1567	fn
212325	715	fn
212329	1567	fn
212284	1567	fn
212244	1567	fn
212247	1567	fn
212241	1567	fn
212323	1567	fn
212255	119	fn
212230	715	fn
212300	1567	fn
211922	715	fn
211851	1567	fn
211899	1567	fn
211891	1567	fn
211893	1567	fn
211888	1567	fn
211889	1567	fn
211954	1567	fn
211957	1567	fn
211981	1567	fn
211897	1567	fn
211748	1567	fn
211740	1567	fn
211742	1567	fn
211744	1567	fn
211746	1567	fn
211734	1567	fn
211737	1567	fn
211817	1567	fn
211762	1567	fn
211761	85784	fn
211767	1567	fn
211765	1567	fn
211769	1567	fn
211750	86967	fn
211707	49185	fn
211789	1567	fn
211781	133476	fn
211783	1567	fn
211782	1567	fn
211802	1567	fn
211800	1567	fn
211804	50305	fn
211774	1567	fn
211771	1567	fn
211779	1567	fn
211706	1567	fn
211724	1567	fn
211723	1567	fn
211722	1567	fn
211720	1567	fn
211803	1567	fn
211710	1567	fn
211719	1567	fn
211811	1567	fn
211753	1567	fn
211825	119	fn
211827	1567	fn
211820	1567	fn
211821	1567	fn
211823	1567	fn
211799	1567	fn
211794	1567	fn
211795	1567	fn
211693	1567	fn
211692	1567	fn
211690	1567	fn
211679	161905	fn
211677	1567	fn
211670	1567	fn
211673	13900	fn
211685	1567	fn
211688	73262	fn
211687	1567	fn
211651	1567	fn
211694	161969	fn
211704	12653	fn
211701	1567	fn
211702	13900	fn
211669	1567	fn
211666	1567	fn
211664	1567	fn
211678	1567	fn
211675	1567	fn
211644	1567	fn
211647	1567	fn
211619	1567	fn
211612	1567	fn
211547	1567	fn
211570	1567	fn
211576	1567	fn
211578	1567	fn
211481	1567	fn
211548	1567	fn
211532	1567	fn
211529	1567	fn
211527	1567	fn
211518	1567	fn
211488	1567	fn
210853	1567	fn
210859	1567	fn
210836	44963	fn
210837	1567	fn
210838	1567	fn
210847	77513	fn
210843	1567	fn
210848	715	fn
210748	1567	fn
210778	1567	fn
210776	668	fn
210775	1567	fn
210743	1567	fn
210740	1567	fn
210791	1567	fn
210770	1567	fn
210768	1567	fn
210760	1567	fn
210774	1567	fn
210734	1567	fn
210733	1567	fn
210739	1567	fn
210765	1567	fn
210762	1567	fn
210827	1567	fn
210829	1567	fn
210828	1567	fn
210782	1567	fn
210730	1567	fn
210789	1567	fn
210813	1567	fn
210811	117522	fn
210816	1567	fn
210817	1567	fn
210815	1567	fn
210752	1567	fn
210757	1567	fn
210759	1567	fn
210758	1567	fn
210793	1567	fn
210798	1567	fn
210753	93588	fn
210750	1567	fn
210637	138590	fn
210663	1567	fn
210667	1567	fn
210666	1567	fn
210714	1567	fn
210696	1567	fn
210619	162002	fn
210612	1567	fn
210645	1567	fn
210721	1567	fn
210684	1567	fn
210670	1567	fn
210676	1567	fn
210677	1567	fn
210678	1567	fn
210623	1567	fn
210718	1567	fn
210717	1567	fn
210710	1567	fn
210616	38096	fn
210639	1567	fn
210656	1567	fn
210652	1567	fn
210724	1567	fn
210723	1567	fn
210680	1567	fn
210689	1567	fn
210686	1567	fn
210683	1567	fn
210706	1567	fn
210703	1567	fn
210701	1567	fn
210605	169582	fn
210604	1567	fn
210609	1567	fn
210522	1567	fn
210527	1567	fn
210528	1567	fn
210575	6602	fn
210577	1567	fn
210570	1567	fn
210501	1567	fn
210490	1567	fn
210587	1567	fn
210508	1567	fn
210509	715	fn
210505	1567	fn
210506	1567	fn
210502	121513	fn
210503	1567	fn
210551	1567	fn
210484	1567	fn
210561	44655	fn
210563	119	fn
210539	1567	fn
210540	1567	fn
210578	119	fn
210498	1567	fn
210496	1567	fn
210493	1567	fn
210488	1567	fn
210592	1567	fn
210597	1567	fn
210596	1567	fn
210599	120442	fn
210598	50305	fn
210538	1567	fn
210518	1567	fn
210514	1567	fn
210567	1567	fn
210377	1567	fn
210374	1567	fn
210372	1567	fn
210427	1567	fn
210463	145915	fn
210466	1567	fn
210464	1567	fn
210468	1567	fn
210583	1567	fn
210460	35123	fn
210459	1567	fn
210392	1567	fn
210394	1567	fn
210438	70055	fn
210481	1567	fn
210405	105733	fn
210453	1567	fn
210476	1567	fn
210417	1567	fn
210411	1567	fn
210451	1567	fn
210456	1567	fn
210449	1567	fn
210448	1567	fn
210443	1567	fn
210442	1567	fn
210445	1567	fn
210446	1567	fn
210458	1567	fn
210457	1567	fn
210320	1567	fn
210322	12653	fn
210328	1567	fn
210285	1567	fn
210371	1567	fn
210370	1567	fn
210347	1567	fn
210349	1567	fn
210264	166355	fn
210319	104112	fn
210313	1567	fn
210316	1567	fn
210360	1567	fn
210362	1567	fn
210368	1567	fn
210334	1567	fn
210273	1567	fn
210279	1567	fn
210309	1567	fn
210304	1567	fn
210305	1567	fn
210330	1567	fn
210299	86967	fn
210352	1567	fn
210359	131276	fn
210358	1567	fn
210256	1567	fn
210235	1567	fn
210205	1567	fn
210204	1567	fn
210238	1567	fn
210230	1567	fn
210181	1567	fn
210219	1567	fn
210249	1567	fn
210248	1567	fn
210247	1567	fn
210246	1567	fn
210243	1567	fn
210241	88899	fn
210240	1567	fn
210224	1567	fn
210223	578	fn
210251	1567	fn
210199	1567	fn
210196	136670	fn
210194	65694	fn
210186	119	fn
210129	1567	fn
210125	1567	fn
210122	715	fn
210008	1567	fn
209936	1567	fn
209933	1567	fn
209931	1567	fn
209938	1567	fn
209920	1567	fn
209999	1567	fn
209987	1567	fn
209988	1567	fn
209989	1567	fn
209994	1567	fn
209960	1567	fn
209986	1567	fn
209985	1567	fn
209859	1567	fn
209857	1567	fn
209852	1567	fn
209894	1567	fn
209882	1567	fn
209844	1567	fn
209802	1567	fn
209809	32499	fn
209838	1567	fn
209782	1567	fn
209783	1567	fn
209864	1567	fn
209868	1567	fn
209890	1567	fn
209891	1567	fn
209895	1567	fn
209818	1567	fn
209865	1567	fn
209840	1567	fn
209847	1567	fn
209835	38096	fn
209788	1567	fn
209526	1567	fn
209522	1567	fn
209523	1567	fn
209594	1567	fn
209607	1567	fn
209577	1567	fn
209570	1567	fn
209578	1567	fn
209539	1567	fn
209549	1567	fn
209576	1567	fn
209558	1567	fn
209512	1567	fn
209476	1567	fn
209502	1567	fn
209503	1567	fn
209500	1567	fn
209506	1567	fn
209485	1567	fn
209469	1567	fn
209471	1567	fn
209511	715	fn
209515	715	fn
209517	1567	fn
209494	1567	fn
209490	1567	fn
209498	119	fn
209467	1567	fn
209445	1567	fn
209422	1567	fn
209424	119	fn
209426	1567	fn
209429	1567	fn
209393	1567	fn
209450	1567	fn
209453	1567	fn
209454	1567	fn
209457	1567	fn
209402	1567	fn
209400	10309	fn
209392	1567	fn
209431	1567	fn
209434	1567	fn
209439	1567	fn
209462	7134	fn
209433	1567	fn
209410	1567	fn
209412	1567	fn
209398	1567	fn
209312	1567	fn
209275	1567	fn
209341	1567	fn
209329	1567	fn
209310	26342	fn
209317	108607	fn
209296	1567	fn
209348	1567	fn
209350	1567	fn
209303	123401	fn
209308	1567	fn
209309	578	fn
209357	1567	fn
209389	119	fn
209385	2213	fn
209387	1567	fn
209381	1567	fn
209347	1567	fn
209269	1567	fn
209268	1567	fn
209267	1567	fn
209361	1567	fn
209384	1567	fn
209364	1567	fn
209363	1567	fn
209388	1567	fn
209283	1567	fn
209339	1567	fn
209330	1567	fn
209333	1567	fn
209332	1567	fn
209215	1567	fn
209183	1567	fn
209180	1567	fn
209181	1567	fn
209188	119	fn
209151	1567	fn
209223	1567	fn
209234	1567	fn
209231	1567	fn
209176	167918	fn
209175	1567	fn
209241	93570	fn
209247	1567	fn
209246	1714	fn
209143	119	fn
209146	4089	fn
209238	1567	fn
209232	1567	fn
209236	1567	fn
208350	1567	fn
208353	1567	fn
208354	578	fn
208302	261	fn
208300	1567	fn
208307	578	fn
208275	119	fn
208334	1567	fn
208259	1567	fn
208364	1567	fn
208360	715	fn
208363	578	fn
208293	1567	fn
208294	578	fn
208315	1567	fn
208310	578	fn
208339	1567	fn
208279	1567	fn
208260	34640	fn
208265	1567	fn
208347	1567	fn
208345	1567	fn
208351	1567	fn
208209	1567	fn
208189	1567	fn
208188	1567	fn
208183	1567	fn
208186	1567	fn
208230	1567	fn
208201	1567	fn
208176	1567	fn
208250	1567	fn
208129	1567	fn
208123	1567	fn
208125	1567	fn
208181	1567	fn
208180	1567	fn
208235	165265	fn
208198	1567	fn
208192	1567	fn
208195	1567	fn
208221	1567	fn
208116	1567	fn
208200	1567	fn
208148	2603	fn
208225	1567	fn
208228	1567	fn
208246	1567	fn
208240	1567	fn
208241	1567	fn
208130	1567	fn
208131	1567	fn
208218	1567	fn
208211	1567	fn
208210	1567	fn
208215	1567	fn
208217	1567	fn
208164	1567	fn
208169	119	fn
208168	1567	fn
208245	1567	fn
208158	1567	fn
208157	1567	fn
208154	1567	fn
208208	1567	fn
208056	1567	fn
208031	1567	fn
208033	1567	fn
208041	1567	fn
208099	1567	fn
208098	1567	fn
208097	1567	fn
208094	1567	fn
208091	1567	fn
208090	1733	fn
208018	1567	fn
208014	1567	fn
208081	119	fn
208026	1567	fn
208027	1567	fn
208024	1567	fn
208073	1567	fn
208077	1567	fn
208076	1567	fn
208100	715	fn
208102	119	fn
208085	1567	fn
208008	1567	fn
208009	1567	fn
208005	1567	fn
208058	1567	fn
208037	1567	fn
207947	1567	fn
207939	1567	fn
207938	1567	fn
207948	10309	fn
207996	1567	fn
207995	1567	fn
207991	1567	fn
207990	1567	fn
207926	1567	fn
207927	1567	fn
207937	54848	fn
207936	1567	fn
207932	1567	fn
207974	1567	fn
207988	155187	fn
207987	1567	fn
208001	1567	fn
207935	99787	fn
207953	139015	fn
207952	1567	fn
207957	1567	fn
207955	1567	fn
207954	77513	fn
207958	1567	fn
207940	70055	fn
207967	1567	fn
207881	1567	fn
207880	1567	fn
207888	1567	fn
207877	1567	fn
207878	1567	fn
207879	1567	fn
207884	1567	fn
207917	1567	fn
207914	1567	fn
207913	1567	fn
207892	1567	fn
207899	1567	fn
207924	1567	fn
207920	1567	fn
207895	147611	fn
207923	1567	fn
207901	1567	fn
207902	1567	fn
207905	20152	fn
207907	1567	fn
207870	1567	fn
207875	131052	fn
207867	77513	fn
207861	1567	fn
207808	1567	fn
207801	1567	fn
207803	1567	fn
207806	1567	fn
207789	1567	fn
207835	1567	fn
207821	1567	fn
207827	1567	fn
207828	1567	fn
207784	1567	fn
207782	1567	fn
207783	1567	fn
207788	1567	fn
207838	4089	fn
207818	1567	fn
207810	1567	fn
207815	1567	fn
207751	1567	fn
207756	1567	fn
207758	1567	fn
207796	1567	fn
207845	1567	fn
207847	1567	fn
207840	1567	fn
207843	1567	fn
207842	1567	fn
207629	1567	fn
207660	1567	fn
207669	1567	fn
207743	1567	fn
207707	4089	fn
207700	1567	fn
207719	1567	fn
207715	1567	fn
207714	1567	fn
207712	1567	fn
207694	1567	fn
207697	119	fn
207698	1567	fn
207556	1567	fn
207550	1567	fn
207590	1567	fn
207563	1567	fn
207560	1567	fn
207561	144779	fn
207533	1567	fn
207536	1567	fn
207621	1567	fn
207620	1567	fn
207581	1567	fn
207548	77513	fn
207540	1567	fn
207541	1567	fn
207542	1567	fn
207547	1567	fn
207593	1567	fn
207256	1567	fn
207289	2839	fn
207281	131444	fn
207280	1567	fn
207238	578	fn
207239	1567	fn
207250	82203	fn
207276	1567	fn
207274	1567	fn
206854	1567	fn
206852	1567	fn
206805	1567	fn
206830	30888	fn
206824	1567	fn
206825	1567	fn
206798	1567	fn
206907	1567	fn
206862	1567	fn
206866	1567	fn
206876	1567	fn
206875	123136	fn
206878	95016	fn
206930	1567	fn
206931	668	fn
206936	1567	fn
206664	1567	fn
206662	1567	fn
206566	1567	fn
206608	1567	fn
206600	1567	fn
206602	1567	fn
206603	1567	fn
206591	1567	fn
206595	1567	fn
206650	1567	fn
206544	1567	fn
206573	1567	fn
206570	1567	fn
206577	1567	fn
206578	85449	fn
206572	1567	fn
206641	1567	fn
206642	1567	fn
206643	1567	fn
206646	1567	fn
206647	1567	fn
206550	468	fn
206619	1567	fn
206613	38096	fn
206612	1567	fn
206611	1567	fn
206616	1567	fn
206632	1567	fn
206639	1567	fn
206585	1567	fn
206652	1567	fn
206593	1567	fn
206620	668	fn
206621	1567	fn
206626	1567	fn
206628	1567	fn
206584	1567	fn
206625	1567	fn
206497	119	fn
206491	1567	fn
206490	1567	fn
206522	50433	fn
206511	1567	fn
206516	1567	fn
206540	1567	fn
206492	63897	fn
206485	1567	fn
206483	1567	fn
206481	1567	fn
206488	11409	fn
206526	157480	fn
206523	3014	fn
206507	1567	fn
206504	1567	fn
206402	1567	fn
206403	1567	fn
206400	1567	fn
206380	13900	fn
206372	1567	fn
206375	85449	fn
206376	1567	fn
206377	1567	fn
206386	96227	fn
206329	108607	fn
206321	1567	fn
206325	578	fn
206344	1567	fn
206392	578	fn
206393	1567	fn
206390	578	fn
206394	1567	fn
206345	1567	fn
206343	1567	fn
206271	1567	fn
206270	578	fn
206276	1567	fn
206281	1567	fn
206285	1567	fn
206253	1567	fn
206254	1567	fn
206278	1567	fn
206263	1567	fn
206261	1567	fn
206267	1567	fn
206301	84922	fn
206307	1567	fn
206306	1567	fn
206309	13900	fn
206236	119	fn
206233	2603	fn
206273	1567	fn
206248	119	fn
206244	1567	fn
206247	1567	fn
206299	1567	fn
206298	1567	fn
206292	1567	fn
206291	1567	fn
206290	143402	fn
206219	1567	fn
206312	1567	fn
206313	1567	fn
206311	1567	fn
206316	1567	fn
206319	1567	fn
206305	1567	fn
206308	578	fn
206224	12653	fn
206223	1567	fn
206221	1567	fn
206209	1567	fn
206165	1567	fn
206167	1567	fn
206161	1567	fn
206160	6404	fn
206163	1567	fn
206208	1567	fn
206201	1567	fn
206207	1567	fn
206115	1567	fn
206117	1567	fn
206111	1567	fn
206195	1567	fn
206197	1567	fn
206193	1567	fn
206147	123804	fn
206146	1567	fn
206141	1567	fn
206174	1567	fn
206158	578	fn
206126	1567	fn
206199	1567	fn
206121	1567	fn
206150	1567	fn
206152	166161	fn
206153	1567	fn
206154	119	fn
206155	1567	fn
206156	1567	fn
206175	1567	fn
206210	83429	fn
206138	1567	fn
206132	2839	fn
206136	1567	fn
206134	108607	fn
206055	1567	fn
206054	1567	fn
206047	1567	fn
206043	1567	fn
206041	26342	fn
206010	1567	fn
206093	1567	fn
206092	1567	fn
206094	1567	fn
206098	1567	fn
206044	1567	fn
205992	1567	fn
206060	1567	fn
206063	1567	fn
206069	1567	fn
206035	1567	fn
206034	1567	fn
206083	1567	fn
206080	1567	fn
205989	1567	fn
206057	1567	fn
206056	117001	fn
206053	138243	fn
206052	38096	fn
205999	12653	fn
206085	324	fn
206026	1567	fn
206027	1567	fn
206021	1567	fn
206096	1567	fn
206102	1567	fn
206107	1567	fn
206104	1567	fn
206109	1567	fn
205988	1567	fn
206075	5744	fn
206073	1567	fn
206025	1567	fn
205940	1567	fn
205949	1567	fn
205918	1567	fn
205910	57936	fn
205895	1567	fn
205964	1567	fn
205966	1567	fn
205969	1567	fn
205917	1567	fn
205930	166355	fn
205935	1567	fn
205938	1567	fn
205968	1567	fn
205941	1567	fn
205903	1567	fn
205900	10309	fn
205907	1567	fn
205905	1567	fn
205909	30888	fn
205954	70	fn
205956	1567	fn
205926	1567	fn
205927	1567	fn
205920	1567	fn
205922	1567	fn
205923	1567	fn
205928	1567	fn
205929	1567	fn
205916	1567	fn
205888	1567	fn
205886	1567	fn
205885	715	fn
205884	156231	fn
205898	1567	fn
205896	1567	fn
205893	1567	fn
205979	1567	fn
205975	1567	fn
205970	1567	fn
205831	1567	fn
205867	1567	fn
205846	85449	fn
205845	1567	fn
205876	1567	fn
205877	1567	fn
205875	119	fn
205872	1567	fn
205879	1567	fn
205842	1567	fn
205839	1567	fn
205851	1567	fn
205852	1567	fn
205853	1567	fn
205859	118917	fn
205863	1567	fn
205849	1567	fn
205883	1567	fn
205881	1567	fn
205880	1567	fn
205777	1567	fn
205786	1567	fn
205817	151413	fn
205812	1567	fn
205384	1567	fn
207134	1567	fn
205352	52894	fn
205351	1567	fn
205329	1567	fn
205369	104760	fn
205362	1567	fn
205366	1567	fn
205364	1567	fn
205361	1567	fn
205424	1567	fn
205421	119	fn
205423	1567	fn
205422	1567	fn
205430	1567	fn
205345	1567	fn
205347	1567	fn
205340	1567	fn
205341	1567	fn
205348	167585	fn
205349	1567	fn
205408	1567	fn
205405	1567	fn
205404	1567	fn
205401	119	fn
205327	1567	fn
205290	1567	fn
205296	1567	fn
205297	141505	fn
205294	1567	fn
205299	1567	fn
205306	1567	fn
205320	1567	fn
205249	1567	fn
205236	1567	fn
205237	119	fn
205230	1567	fn
205232	1567	fn
205303	90835	fn
205265	1567	fn
205260	1567	fn
205254	1567	fn
205253	1567	fn
205323	1567	fn
205272	715	fn
205284	1567	fn
205287	1567	fn
205231	1567	fn
205270	138243	fn
205271	578	fn
205273	1567	fn
205277	1567	fn
205245	1567	fn
205240	1567	fn
205222	1567	fn
205322	668	fn
205317	1567	fn
205310	1567	fn
205210	1567	fn
205177	1567	fn
205179	1567	fn
205190	1567	fn
205193	1567	fn
204962	1567	fn
204960	1567	fn
204967	1567	fn
204969	119	fn
204958	1567	fn
204951	96795	fn
204955	1567	fn
204961	1567	fn
204965	12653	fn
204908	1567	fn
204985	51447	fn
204981	1567	fn
204937	1567	fn
204939	1567	fn
204973	1567	fn
204970	1567	fn
204926	1567	fn
204909	1567	fn
204911	1567	fn
204942	1567	fn
204993	1567	fn
204978	1567	fn
204916	1567	fn
204948	1567	fn
204940	1567	fn
204943	1011	fn
204854	1567	fn
204833	1567	fn
204837	1567	fn
204885	1567	fn
204848	1567	fn
204841	1567	fn
204845	1567	fn
204846	578	fn
204843	1567	fn
204891	1567	fn
204890	1567	fn
204899	1567	fn
204898	1567	fn
204900	1567	fn
204823	1567	fn
204825	1567	fn
204879	1567	fn
204877	31738	fn
204871	50305	fn
204861	1567	fn
204880	715	fn
204882	1567	fn
204883	1567	fn
204889	1567	fn
204806	1567	fn
204829	1567	fn
204839	1567	fn
204853	1567	fn
204814	1567	fn
204903	119	fn
204902	1567	fn
204818	1567	fn
204813	1567	fn
204867	1567	fn
204864	1567	fn
204865	1567	fn
204888	58391	fn
204722	1567	fn
204726	1567	fn
204756	1567	fn
204783	1567	fn
204781	1567	fn
204701	1567	fn
204700	1567	fn
204707	1567	fn
204723	1567	fn
204729	1567	fn
204734	1567	fn
204791	1567	fn
204769	1567	fn
204768	1567	fn
204765	1567	fn
204760	1567	fn
204699	1567	fn
204698	1567	fn
204737	1567	fn
204738	1567	fn
204794	1567	fn
204792	1567	fn
204696	1567	fn
204757	1567	fn
204715	1567	fn
204710	1567	fn
204712	119	fn
204788	1567	fn
204744	1567	fn
204749	1567	fn
204790	1567	fn
204747	1567	fn
204779	1567	fn
204776	70179	fn
204771	1567	fn
204587	1567	fn
204606	38530	fn
204604	1567	fn
204607	1567	fn
204659	1567	fn
204657	1567	fn
204652	469	fn
204620	1567	fn
204600	149076	fn
204608	1567	fn
204648	43198	fn
204647	1567	fn
204691	1567	fn
204690	578	fn
204613	715	fn
204627	1567	fn
204637	1567	fn
204668	113055	fn
204669	1567	fn
204666	324	fn
204667	1567	fn
204653	1567	fn
204581	1567	fn
204585	166355	fn
204589	99297	fn
204630	1567	fn
204688	1567	fn
204682	1567	fn
204683	1567	fn
204686	166355	fn
204687	1567	fn
204529	1567	fn
204446	1567	fn
204447	115500	fn
204443	1567	fn
204400	1567	fn
204408	1567	fn
204397	1567	fn
204367	1567	fn
204346	1567	fn
204349	1567	fn
204372	58924	fn
204374	1567	fn
204382	1567	fn
204438	1567	fn
204399	1567	fn
204398	1567	fn
204401	1567	fn
204405	1567	fn
204358	1567	fn
204228	1567	fn
204279	13900	fn
204278	1567	fn
204332	1567	fn
204330	1567	fn
204331	1567	fn
204248	578	fn
204246	167560	fn
204299	1567	fn
204297	1567	fn
204291	1567	fn
204313	1567	fn
204314	1567	fn
204265	1567	fn
204263	1567	fn
204269	715	fn
204256	1567	fn
204343	715	fn
204303	1567	fn
204236	1567	fn
204293	1567	fn
204310	1567	fn
204317	58391	fn
204286	1567	fn
204287	1567	fn
204285	1567	fn
204281	1567	fn
204325	1567	fn
204327	1567	fn
204323	1567	fn
204322	119	fn
204329	1567	fn
204240	1567	fn
204254	12653	fn
203935	1567	fn
203939	1567	fn
203938	25241	fn
203902	1567	fn
203875	1567	fn
203892	1567	fn
203849	1567	fn
203873	1567	fn
203868	1567	fn
203891	1567	fn
203850	1567	fn
203856	1567	fn
203885	1567	fn
203883	120440	fn
203865	1567	fn
203876	1567	fn
203870	1567	fn
203871	1567	fn
203878	70179	fn
203879	1567	fn
203872	1567	fn
203838	1567	fn
203835	95870	fn
203860	1567	fn
203810	1567	fn
203773	1567	fn
203779	1567	fn
203777	1567	fn
203800	58329	fn
203813	1567	fn
203818	1567	fn
203791	84970	fn
203793	1567	fn
203794	1567	fn
203796	1567	fn
203804	1567	fn
203827	1567	fn
203780	1567	fn
203787	1567	fn
203825	1567	fn
203821	1567	fn
203680	1567	fn
203686	1567	fn
203700	1567	fn
203749	578	fn
203746	1567	fn
203713	131444	fn
203717	1567	fn
203719	1567	fn
203696	1567	fn
203697	1567	fn
203721	1567	fn
203768	1567	fn
203760	1567	fn
203761	1567	fn
203763	1567	fn
203754	1567	fn
203733	119	fn
203736	1567	fn
203678	1567	fn
203677	4089	fn
203670	70179	fn
203691	1567	fn
203692	119	fn
203706	149076	fn
203705	1567	fn
203745	1567	fn
203734	1567	fn
203755	128164	fn
203757	1567	fn
203753	1567	fn
203752	1567	fn
203750	1567	fn
203550	1567	fn
203513	119	fn
203487	1567	fn
203489	1567	fn
203537	1567	fn
203530	58978	fn
203524	1567	fn
203520	1567	fn
203529	1567	fn
203474	1567	fn
203476	1567	fn
203501	1567	fn
203546	1567	fn
203548	1567	fn
203531	1567	fn
203533	578	fn
203532	1567	fn
203480	1567	fn
203486	1733	fn
203547	668	fn
203499	131444	fn
203517	578	fn
203510	1567	fn
203444	1567	fn
203441	1567	fn
203349	131444	fn
203346	1567	fn
203347	1567	fn
203434	1567	fn
203394	578	fn
203361	1567	fn
203430	119	fn
203453	1567	fn
203447	1567	fn
203446	1567	fn
203401	1567	fn
203400	1567	fn
203403	1567	fn
203405	1567	fn
203406	1567	fn
203386	1567	fn
203385	1567	fn
203353	1567	fn
203352	1567	fn
203387	1567	fn
203454	1567	fn
203380	1567	fn
203422	1567	fn
203426	1567	fn
203425	1567	fn
203428	1567	fn
203421	1567	fn
203419	1567	fn
203413	1567	fn
203410	1567	fn
203416	1567	fn
203414	1567	fn
203351	1567	fn
203356	1567	fn
203373	1567	fn
203372	1567	fn
203370	25355	fn
203328	131444	fn
203342	1567	fn
203343	1567	fn
203260	1567	fn
203262	1567	fn
203265	1551	fn
203317	1567	fn
203316	1567	fn
203313	1567	fn
203298	1567	fn
203291	1567	fn
203292	1567	fn
203295	1567	fn
203296	1567	fn
203339	85449	fn
203338	1567	fn
203314	1567	fn
203279	1567	fn
203270	1567	fn
203271	1567	fn
203277	1567	fn
203307	1567	fn
203304	1567	fn
203303	1567	fn
203308	1567	fn
203257	715	fn
203278	1567	fn
203321	1567	fn
203334	1567	fn
203283	1567	fn
203289	1567	fn
203255	578	fn
203237	1567	fn
203239	1567	fn
203199	1567	fn
205061	1567	fn
203245	1567	fn
203223	1567	fn
203229	1567	fn
203228	119	fn
203233	668	fn
203198	1567	fn
203191	578	fn
203196	1567	fn
203209	1567	fn
203208	1567	fn
203207	1567	fn
203203	1567	fn
203202	1567	fn
203195	1567	fn
203250	38096	fn
203252	1567	fn
203253	1567	fn
203175	1567	fn
203176	1567	fn
203171	1567	fn
203173	1567	fn
203182	715	fn
203159	1567	fn
203157	13900	fn
203167	1567	fn
203169	1567	fn
203135	1567	fn
203137	715	fn
203136	1567	fn
203162	1567	fn
203140	58605	fn
203143	1567	fn
203145	1567	fn
203146	1567	fn
203138	1567	fn
203128	1567	fn
203123	1567	fn
203126	1567	fn
203127	1567	fn
203125	1567	fn
203114	1567	fn
203040	1567	fn
203030	1567	fn
203031	1567	fn
203036	13900	fn
203048	1567	fn
203105	11651	fn
203107	1567	fn
203061	578	fn
203084	1567	fn
203052	1567	fn
203053	1567	fn
203057	1567	fn
203079	133430	fn
203072	1567	fn
203027	1567	fn
203028	1567	fn
203059	149076	fn
203112	1567	fn
203110	1567	fn
203117	34640	fn
203063	1567	fn
203062	1567	fn
203094	1567	fn
203092	1567	fn
203091	1567	fn
203099	1567	fn
203038	10314	fn
203113	1567	fn
202716	1567	fn
202717	2839	fn
202714	1567	fn
202715	1567	fn
202771	1567	fn
202772	1567	fn
202775	1567	fn
202776	1567	fn
202777	1567	fn
202778	1567	fn
202768	1567	fn
202697	578	fn
202636	1567	fn
202639	1567	fn
202638	1567	fn
202514	1567	fn
202517	1567	fn
202513	1567	fn
202511	1567	fn
202489	1567	fn
202487	1567	fn
202541	715	fn
202457	1567	fn
202437	578	fn
202424	128091	fn
202426	1567	fn
202363	1567	fn
202360	1567	fn
202364	85449	fn
202259	1567	fn
202257	578	fn
202252	1567	fn
202276	1567	fn
202270	1567	fn
202350	715	fn
202359	85784	fn
202168	1567	fn
202160	1567	fn
202165	1567	fn
202166	135208	fn
202206	1567	fn
202207	1567	fn
202200	1567	fn
202208	4089	fn
202209	1567	fn
202198	1567	fn
202190	715	fn
202192	1567	fn
202194	1567	fn
202195	1567	fn
202187	1567	fn
202119	1567	fn
202143	1567	fn
202145	1567	fn
202124	119	fn
202173	1567	fn
202177	1567	fn
202231	1456	fn
202126	1567	fn
202125	1567	fn
202121	1567	fn
202180	12653	fn
202155	1567	fn
202159	578	fn
202131	1567	fn
202184	1567	fn
202214	1567	fn
202218	73889	fn
202109	668	fn
202067	1567	fn
202113	168053	fn
202114	4089	fn
202066	1567	fn
202063	578	fn
202037	1567	fn
202032	119	fn
202031	1567	fn
201977	1567	fn
201975	1567	fn
201974	50305	fn
202001	1567	fn
201666	135747	fn
201665	324	fn
200568	1567	fn
200561	1567	fn
200560	1567	fn
200565	1567	fn
200541	1567	fn
200586	139015	fn
200582	149076	fn
200604	1567	fn
200609	1567	fn
200535	1567	fn
200523	40322	fn
200596	1567	fn
200597	1567	fn
200593	1567	fn
200621	1567	fn
200622	715	fn
200623	13900	fn
200629	578	fn
200517	1567	fn
200515	1567	fn
200526	1567	fn
200520	1567	fn
200567	1567	fn
200544	578	fn
200549	1567	fn
200548	1567	fn
200553	1567	fn
200533	1567	fn
200531	668	fn
200580	1567	fn
200534	1567	fn
200453	1567	fn
200402	1567	fn
200485	1567	fn
200507	1567	fn
200456	1567	fn
200437	1567	fn
200442	1567	fn
200443	1567	fn
200486	1567	fn
200487	1567	fn
200480	1567	fn
200405	1567	fn
200403	1567	fn
200462	1567	fn
200417	12653	fn
200415	1567	fn
200498	1567	fn
200493	1567	fn
200491	1567	fn
200497	1567	fn
200496	1567	fn
200495	1567	fn
200510	1567	fn
200420	1567	fn
200421	12653	fn
200425	1567	fn
200474	1567	fn
200476	1567	fn
200473	1567	fn
200472	1567	fn
200479	1567	fn
200478	1567	fn
200427	1567	fn
200354	1567	fn
200331	1567	fn
200369	1567	fn
200363	1567	fn
200362	1567	fn
200395	1567	fn
200392	1567	fn
200399	1567	fn
200371	1567	fn
200343	1567	fn
200376	1567	fn
200330	1567	fn
200372	1567	fn
200373	1567	fn
200370	58391	fn
200364	1567	fn
200355	1567	fn
200329	125490	fn
200341	1567	fn
200359	1567	fn
200350	1567	fn
200352	1567	fn
200386	1567	fn
200388	1567	fn
200338	1567	fn
200276	1567	fn
200274	1567	fn
200271	1567	fn
200247	1567	fn
200303	578	fn
200290	1567	fn
200294	1567	fn
200296	1567	fn
200278	1567	fn
200211	1567	fn
200217	1567	fn
200318	1567	fn
200314	1567	fn
200315	1567	fn
200310	1567	fn
200313	1567	fn
200268	1567	fn
200269	1567	fn
200265	1567	fn
200230	1567	fn
200239	1567	fn
200231	1567	fn
200236	123136	fn
200218	1481	fn
200227	1567	fn
200282	1567	fn
200286	1567	fn
200202	58391	fn
200207	1567	fn
200204	1567	fn
200209	115279	fn
200214	1567	fn
200326	1567	fn
200256	145915	fn
200251	1567	fn
200253	1567	fn
200252	1567	fn
200215	1567	fn
200199	1567	fn
200228	1567	fn
200226	1567	fn
200223	1567	fn
200288	133918	fn
200308	1567	fn
200285	1567	fn
200134	1567	fn
200168	119	fn
200166	1567	fn
200162	1567	fn
200156	4089	fn
200158	1567	fn
200159	715	fn
200193	1567	fn
200138	43207	fn
200187	1567	fn
200118	1567	fn
200176	1567	fn
200177	1567	fn
200171	1567	fn
200123	1567	fn
200122	12653	fn
200120	1567	fn
200127	1567	fn
200125	1567	fn
200129	1567	fn
200197	1567	fn
200114	1567	fn
200157	1567	fn
200155	1567	fn
200190	119	fn
200143	199	fn
200142	1567	fn
200078	54848	fn
200071	1567	fn
200073	162745	fn
200077	1567	fn
200081	1567	fn
200087	1567	fn
200066	1567	fn
200088	1567	fn
200082	1567	fn
200084	1567	fn
200085	1567	fn
200068	119	fn
200061	1567	fn
200062	1567	fn
200060	1567	fn
200108	1567	fn
200103	1567	fn
200102	1567	fn
200106	1567	fn
200059	158901	fn
200097	1567	fn
200096	1567	fn
200094	1567	fn
200093	1567	fn
200113	1567	fn
200099	1567	fn
200069	1567	fn
200046	1567	fn
199977	123401	fn
199974	1567	fn
200053	119	fn
200052	1567	fn
200024	1567	fn
200022	1567	fn
199990	1567	fn
199993	1567	fn
199994	715	fn
199999	1567	fn
199964	35580	fn
199966	1567	fn
199967	1567	fn
199968	1567	fn
200039	1567	fn
200035	1567	fn
200031	1567	fn
199991	715	fn
200047	1567	fn
200040	1567	fn
200041	1567	fn
200048	1567	fn
200049	1567	fn
200003	1567	fn
200017	1567	fn
200010	1567	fn
199982	578	fn
199980	3533	fn
199986	29009	fn
199979	1567	fn
199975	1567	fn
200027	1567	fn
200023	1567	fn
200009	1567	fn
199924	1567	fn
199920	1567	fn
199921	1567	fn
199922	1567	fn
199927	1567	fn
199929	578	fn
199864	1567	fn
199869	1567	fn
199918	1567	fn
199912	1567	fn
199916	1567	fn
199890	1567	fn
199961	1567	fn
199871	1567	fn
199946	1567	fn
199874	1567	fn
199933	1567	fn
199931	1567	fn
199939	1567	fn
199873	578	fn
199867	20152	fn
199863	1567	fn
199900	1567	fn
199904	1567	fn
199905	1567	fn
199945	1567	fn
199940	1567	fn
199861	81491	fn
199862	1567	fn
199896	1567	fn
199854	1567	fn
199936	1567	fn
199716	1567	fn
199719	1567	fn
199798	119	fn
199800	1567	fn
199808	1567	fn
199838	1567	fn
199837	1567	fn
199710	1567	fn
199776	1567	fn
199778	1567	fn
199704	1567	fn
199706	1567	fn
199708	1567	fn
199709	1567	fn
199781	1567	fn
199783	1567	fn
199814	13900	fn
199780	1567	fn
199796	1567	fn
199795	1567	fn
199707	1567	fn
199802	1567	fn
199806	1567	fn
199756	1567	fn
199753	1567	fn
199751	1567	fn
199750	1567	fn
199849	67208	fn
199844	119	fn
199775	1567	fn
199816	106613	fn
199764	20152	fn
199765	1567	fn
199777	1567	fn
199789	1567	fn
199743	1567	fn
199685	1567	fn
199684	1567	fn
199687	138291	fn
199681	1567	fn
199682	1567	fn
199689	6961	fn
199688	1567	fn
199652	1567	fn
199605	1567	fn
199603	1567	fn
199602	1567	fn
199694	21334	fn
199583	4089	fn
199674	1567	fn
199675	1567	fn
199627	1567	fn
199626	138243	fn
199525	1567	fn
199529	1567	fn
199491	1567	fn
199570	10309	fn
199576	1567	fn
199579	1567	fn
199578	1567	fn
199542	1567	fn
199541	1567	fn
199547	1567	fn
199522	1567	fn
199498	1567	fn
199496	1567	fn
199497	1567	fn
199515	1567	fn
199565	1567	fn
199563	1567	fn
199569	12653	fn
199539	1567	fn
199537	119	fn
199532	1567	fn
199494	1567	fn
199470	1567	fn
199505	1567	fn
199582	1567	fn
199480	635	fn
199489	1567	fn
199523	578	fn
199558	1567	fn
199552	1567	fn
199556	70179	fn
199428	1567	fn
199034	159381	fn
199064	1567	fn
199074	1567	fn
199072	1567	fn
199102	1567	fn
199103	151914	fn
199106	1567	fn
199099	1567	fn
199032	1567	fn
199038	1567	fn
199016	1567	fn
199092	77513	fn
199027	1567	fn
199047	1567	fn
199045	1567	fn
199042	1567	fn
199048	12653	fn
199083	1567	fn
199076	1567	fn
199070	1567	fn
199086	1567	fn
199033	1567	fn
199003	1567	fn
198998	1567	fn
198997	1567	fn
198943	1567	fn
198945	1567	fn
198947	1567	fn
198931	1567	fn
198935	578	fn
199000	1567	fn
199006	61872	fn
198962	1567	fn
198969	16002	fn
198950	1567	fn
198956	1567	fn
198955	1567	fn
198904	1567	fn
198906	1567	fn
198903	1567	fn
198984	1567	fn
198981	1567	fn
198982	1567	fn
199010	12653	fn
198977	1567	fn
198970	139329	fn
198929	1567	fn
198927	1567	fn
198924	1567	fn
198920	1567	fn
198980	119	fn
198916	1567	fn
198917	121699	fn
198912	1567	fn
198919	1567	fn
198856	1567	fn
198868	1567	fn
198866	1567	fn
198863	1567	fn
198861	1567	fn
198849	578	fn
198831	1567	fn
198839	1567	fn
198848	1567	fn
198840	85449	fn
198844	168053	fn
198893	1567	fn
198892	1567	fn
198899	1567	fn
198832	1567	fn
198838	1567	fn
198817	1567	fn
198816	1567	fn
198822	1567	fn
198825	1567	fn
198829	1567	fn
198821	1567	fn
198828	1567	fn
198879	1567	fn
198875	1567	fn
198874	1567	fn
198876	1567	fn
198871	1567	fn
198870	119	fn
198837	1567	fn
198798	1567	fn
198880	119	fn
198891	1567	fn
198896	1567	fn
198895	1567	fn
198808	1567	fn
198807	161418	fn
198852	1567	fn
198541	1567	fn
198481	1567	fn
198484	64592	fn
198485	1567	fn
198487	1567	fn
198565	1567	fn
198502	1567	fn
198517	119	fn
198500	1567	fn
198538	1567	fn
198553	1567	fn
198496	1567	fn
198551	1567	fn
198479	1567	fn
198524	858	fn
198435	54700	fn
198426	1567	fn
198424	1567	fn
198420	1567	fn
198282	1567	fn
198280	1567	fn
198316	1567	fn
198327	1567	fn
198321	1567	fn
198318	1567	fn
198170	1567	fn
198174	1567	fn
198171	1567	fn
198197	1567	fn
198194	108882	fn
198193	1567	fn
198225	138243	fn
198178	1567	fn
198173	1567	fn
198141	1567	fn
198143	668	fn
198145	1567	fn
198147	1567	fn
198100	1567	fn
198085	1567	fn
198081	1567	fn
198120	1567	fn
198125	1567	fn
198105	1567	fn
198135	1567	fn
197052	1567	fn
198075	1567	fn
198074	1567	fn
197060	1567	fn
197042	578	fn
197046	1567	fn
198072	1567	fn
197030	1567	fn
197034	1567	fn
197056	1567	fn
197061	1567	fn
197045	1567	fn
196934	715	fn
196933	1567	fn
196960	578	fn
197007	1567	fn
197001	1567	fn
196965	1567	fn
196967	1567	fn
196917	1567	fn
196918	1567	fn
196919	1567	fn
196997	1567	fn
196937	1567	fn
197025	1567	fn
197023	1567	fn
196993	1567	fn
196943	165414	fn
196942	1567	fn
196949	1567	fn
196948	13900	fn
197013	115500	fn
197010	1567	fn
197011	1567	fn
197018	1567	fn
197019	1567	fn
196973	1567	fn
196657	77513	fn
196758	1567	fn
196754	1567	fn
196755	1567	fn
196765	13900	fn
196663	1567	fn
196660	70055	fn
196661	78754	fn
196666	50305	fn
196785	1567	fn
196702	1567	fn
196709	1567	fn
196778	1567	fn
196779	1567	fn
196771	1567	fn
196700	1567	fn
196763	1567	fn
196760	1567	fn
196677	1567	fn
196738	83429	fn
196736	119	fn
196673	1567	fn
196697	1567	fn
196692	1567	fn
196728	1567	fn
196725	10309	fn
196710	1567	fn
196711	1567	fn
196714	1567	fn
196719	1567	fn
196724	128603	fn
196683	1567	fn
196773	1567	fn
196667	1567	fn
196538	10309	fn
196531	1567	fn
196536	1567	fn
196563	1567	fn
196569	163619	fn
196535	77513	fn
196594	1567	fn
196593	1567	fn
196652	1567	fn
196655	1567	fn
196654	1567	fn
196540	1567	fn
196600	12653	fn
196575	4089	fn
196572	1567	fn
196579	1567	fn
196624	1567	fn
196635	16002	fn
196526	1567	fn
196645	1567	fn
196646	1567	fn
196647	1567	fn
196641	1567	fn
196552	1567	fn
196608	1567	fn
196607	1567	fn
196614	715	fn
196613	1567	fn
196611	1567	fn
196618	1567	fn
196539	1567	fn
196565	1567	fn
196567	1567	fn
196586	1567	fn
196585	1567	fn
196626	1567	fn
196627	1567	fn
196622	1567	fn
196623	1567	fn
196621	119	fn
196528	1567	fn
196441	1567	fn
196449	1567	fn
196490	1567	fn
196498	1567	fn
196514	1567	fn
196517	1567	fn
196461	1567	fn
196463	1567	fn
196464	1567	fn
196434	1567	fn
196446	1567	fn
196440	1567	fn
196448	1567	fn
196489	1567	fn
196521	1567	fn
196522	1567	fn
196495	1567	fn
196507	13900	fn
196508	1567	fn
196500	1567	fn
196477	1567	fn
196471	1567	fn
196410	1567	fn
196412	1567	fn
196415	1567	fn
196417	1567	fn
196420	1567	fn
196383	1567	fn
196375	1567	fn
196376	1567	fn
196419	1567	fn
196369	1567	fn
196368	1567	fn
196402	13517	fn
196403	1567	fn
196404	1567	fn
196398	1567	fn
196394	578	fn
196399	1567	fn
196396	1567	fn
196380	1567	fn
196421	1567	fn
196423	578	fn
196362	715	fn
196361	1567	fn
196364	166355	fn
196359	1567	fn
196357	1567	fn
196354	1567	fn
196307	1567	fn
196363	1567	fn
196360	1567	fn
196327	1567	fn
196324	1567	fn
196326	1567	fn
196312	8349	fn
196313	131444	fn
196311	1567	fn
196344	1567	fn
196347	1567	fn
196309	1567	fn
196332	1567	fn
196339	1567	fn
196242	1567	fn
196244	1567	fn
196296	1567	fn
196294	101133	fn
196299	1567	fn
196213	1567	fn
196210	1567	fn
196214	1567	fn
196212	1567	fn
196224	1567	fn
196304	1567	fn
196240	1567	fn
196245	1567	fn
196272	1567	fn
196255	1567	fn
196280	1567	fn
196282	1567	fn
196283	1567	fn
196289	1567	fn
196203	1567	fn
196199	1567	fn
196275	143887	fn
196252	1567	fn
196237	324	fn
196239	1567	fn
196262	1567	fn
196208	1567	fn
196232	1567	fn
196238	1567	fn
196125	1567	fn
196127	1567	fn
196123	1567	fn
196155	1567	fn
196173	1567	fn
196106	578	fn
196159	1567	fn
196050	1567	fn
195624	1567	fn
195582	1567	fn
195560	1567	fn
195562	1567	fn
195564	1567	fn
195565	1567	fn
195539	13900	fn
195538	1567	fn
195534	578	fn
195559	1567	fn
195557	1567	fn
195533	1567	fn
195537	715	fn
195524	1567	fn
195525	1567	fn
195577	1567	fn
195576	1567	fn
195573	128091	fn
195572	1567	fn
195579	1567	fn
195578	1567	fn
195543	1567	fn
195546	1567	fn
195547	1567	fn
195542	1567	fn
195513	1567	fn
195495	1567	fn
195497	162008	fn
195470	1567	fn
195483	1567	fn
195486	1567	fn
195437	1567	fn
195516	1567	fn
195523	1567	fn
195434	119	fn
195509	1567	fn
195485	138243	fn
195465	1567	fn
195452	1567	fn
195444	1567	fn
195517	1567	fn
195468	1567	fn
195419	1567	fn
195414	1567	fn
195413	1567	fn
195336	1567	fn
195312	1567	fn
195340	1567	fn
195341	1567	fn
195344	1567	fn
195347	52203	fn
195348	145915	fn
195349	1567	fn
195317	1567	fn
195421	1567	fn
195422	1567	fn
195424	1567	fn
195426	1567	fn
195428	1567	fn
195393	1567	fn
195396	1567	fn
195343	1567	fn
195314	715	fn
195305	1567	fn
195373	1567	fn
195379	1567	fn
195403	4089	fn
195401	1567	fn
195405	1567	fn
195427	9870	fn
195306	1567	fn
195338	1567	fn
195330	1567	fn
195335	1567	fn
195372	1567	fn
195432	1567	fn
195389	1567	fn
195229	70734	fn
195207	1567	fn
195187	135707	fn
195180	1567	fn
195175	1567	fn
195158	1567	fn
195155	1567	fn
195121	1567	fn
195129	1567	fn
195159	1567	fn
195174	1567	fn
195179	12653	fn
195165	1567	fn
195166	119	fn
195110	1567	fn
195140	1567	fn
195116	1567	fn
195113	2830	fn
195118	1567	fn
195190	1567	fn
195091	1567	fn
195093	1567	fn
195094	1567	fn
195106	1567	fn
195164	1567	fn
195160	1567	fn
195142	1567	fn
195144	58391	fn
195145	1567	fn
195178	1567	fn
195196	1567	fn
195027	1567	fn
194910	1567	fn
194917	1567	fn
194867	1567	fn
194873	1567	fn
194836	126410	fn
194831	1567	fn
194830	58122	fn
194839	1567	fn
194837	1567	fn
194844	1567	fn
194840	1567	fn
194841	1567	fn
194849	1567	fn
194776	1567	fn
194863	1567	fn
194815	1567	fn
194814	1567	fn
194812	1567	fn
194810	1567	fn
194827	1567	fn
194820	1567	fn
194755	1567	fn
194790	1567	fn
194853	1567	fn
194786	1567	fn
194785	1567	fn
194784	1567	fn
194780	1567	fn
194710	1567	fn
194679	1567	fn
194670	1567	fn
194676	34640	fn
194736	1567	fn
194734	1567	fn
194731	1567	fn
194648	168053	fn
194695	1567	fn
194712	1567	fn
194713	1567	fn
194716	1567	fn
194664	1567	fn
194674	1567	fn
194749	122794	fn
194743	1567	fn
194745	1567	fn
194744	2213	fn
194699	1567	fn
194684	1567	fn
194682	1567	fn
194688	77513	fn
194689	1567	fn
194724	1567	fn
194735	1567	fn
194319	1567	fn
194349	1567	fn
194348	67901	fn
194342	1567	fn
194286	163619	fn
194376	1567	fn
194374	13900	fn
194373	1567	fn
194379	1567	fn
194329	1567	fn
194324	1567	fn
194326	56650	fn
194285	1567	fn
194352	1567	fn
194355	1567	fn
194359	324	fn
194316	149564	fn
194309	1567	fn
194385	324	fn
194339	1567	fn
194332	1567	fn
194330	1567	fn
194334	1567	fn
194308	1567	fn
194366	1567	fn
194361	58391	fn
194363	1567	fn
194362	1567	fn
194353	119	fn
194293	1567	fn
194295	1567	fn
194260	1567	fn
194261	141836	fn
194264	1567	fn
194267	1567	fn
194232	1567	fn
193800	1567	fn
193707	149076	fn
193705	1567	fn
193702	1567	fn
193703	1567	fn
193709	1567	fn
193714	1567	fn
193751	1567	fn
193652	1567	fn
193659	1567	fn
193593	1567	fn
193605	1567	fn
193604	115500	fn
193658	1567	fn
193634	1456	fn
193632	72345	fn
193631	1567	fn
193668	1567	fn
193660	199	fn
193665	1567	fn
193588	1567	fn
193611	1567	fn
193612	1567	fn
193617	1567	fn
193684	1567	fn
193680	1567	fn
193689	1567	fn
193603	1567	fn
193643	1567	fn
193641	1567	fn
193645	1567	fn
193590	1567	fn
193672	1567	fn
193678	1567	fn
193679	1567	fn
193674	1567	fn
193625	1567	fn
193621	1567	fn
193620	1567	fn
193618	119	fn
193608	578	fn
193600	1567	fn
193594	1567	fn
193584	1567	fn
193587	1567	fn
193557	1567	fn
193556	1567	fn
193553	1567	fn
193528	55265	fn
193527	1567	fn
193563	1567	fn
193537	119	fn
193575	1567	fn
193570	1567	fn
193542	1567	fn
193543	1567	fn
193547	1567	fn
193549	38096	fn
193586	1567	fn
193531	1567	fn
193530	1567	fn
193535	1567	fn
193511	1567	fn
193518	1567	fn
193523	1567	fn
193509	1567	fn
193477	1567	fn
193513	1567	fn
193512	1567	fn
193514	1567	fn
193519	1567	fn
193495	136348	fn
193487	74926	fn
193486	1567	fn
193482	139015	fn
193489	1567	fn
193522	1567	fn
193502	82323	fn
193521	2603	fn
193515	1567	fn
193478	1567	fn
193479	1567	fn
193471	1567	fn
193472	1567	fn
193392	119	fn
193428	1567	fn
193423	1567	fn
193389	1567	fn
193441	1567	fn
193445	578	fn
193420	1567	fn
193388	1567	fn
193435	1567	fn
193430	1567	fn
193436	1567	fn
193377	1567	fn
193399	1567	fn
193467	1567	fn
193426	1567	fn
193416	715	fn
193452	1567	fn
193456	1567	fn
193457	1567	fn
193458	1567	fn
193390	1567	fn
193395	26468	fn
193405	107062	fn
193404	1567	fn
193401	1567	fn
193402	1567	fn
193460	1567	fn
193421	50305	fn
193412	1567	fn
193303	1567	fn
193301	1567	fn
193307	1567	fn
193305	1567	fn
193354	1567	fn
193245	1567	fn
193250	58391	fn
193253	1567	fn
193329	1567	fn
193322	1567	fn
193257	1567	fn
193300	70734	fn
193308	1567	fn
193343	1567	fn
193325	1567	fn
193262	1567	fn
193281	1567	fn
193284	1567	fn
193266	1567	fn
193370	578	fn
193311	1567	fn
193310	1567	fn
193312	1567	fn
193315	1567	fn
193314	102447	fn
193318	1567	fn
193296	1567	fn
193369	98968	fn
193361	1567	fn
193363	1567	fn
193364	1567	fn
193367	1567	fn
193267	1567	fn
193246	1567	fn
193249	1567	fn
193274	1567	fn
193271	1567	fn
193338	1567	fn
193331	39662	fn
193330	12653	fn
193334	715	fn
193279	1567	fn
193270	1567	fn
193351	1567	fn
193350	1567	fn
193353	1567	fn
193170	1567	fn
193172	1567	fn
193221	1567	fn
193224	77513	fn
193222	1567	fn
193188	1567	fn
193201	1567	fn
193168	1567	fn
193169	1567	fn
193167	1567	fn
193205	1567	fn
193183	1567	fn
193136	49175	fn
193231	1567	fn
193234	1567	fn
193238	1567	fn
193215	1567	fn
193154	1567	fn
193206	1567	fn
193204	119	fn
193165	1567	fn
193223	20152	fn
193225	10309	fn
193227	1567	fn
193219	119	fn
193214	2802	fn
193216	1567	fn
193211	1567	fn
193212	1567	fn
193197	715	fn
193192	1567	fn
193190	1567	fn
193132	1567	fn
193138	1567	fn
193034	1567	fn
193100	1567	fn
193104	1567	fn
193107	1567	fn
193109	1567	fn
193122	1567	fn
193129	1567	fn
193064	1567	fn
193053	1567	fn
193063	1567	fn
193083	1567	fn
193089	1567	fn
193113	1567	fn
193072	715	fn
193074	1567	fn
193076	1567	fn
193079	1567	fn
193071	1567	fn
193024	1567	fn
193119	1567	fn
193118	1567	fn
193115	1567	fn
193111	1567	fn
193110	1567	fn
193084	1567	fn
193091	112346	fn
193098	1567	fn
193126	1567	fn
193127	1567	fn
193120	1567	fn
193128	1567	fn
193044	1567	fn
193041	1567	fn
193090	1567	fn
193097	1567	fn
193068	1567	fn
193060	1567	fn
193073	1567	fn
192929	1567	fn
192925	1567	fn
192984	1567	fn
192937	1635	fn
192935	1567	fn
193002	1567	fn
193004	1567	fn
193006	1567	fn
192969	1567	fn
192895	1567	fn
192894	1567	fn
192898	1567	fn
192915	1567	fn
192916	1567	fn
192918	1567	fn
192902	1567	fn
192971	1567	fn
192909	1567	fn
192998	1567	fn
192729	1567	fn
192642	715	fn
192722	1567	fn
192698	1567	fn
192693	1567	fn
192743	1567	fn
192742	1567	fn
192674	324	fn
192676	1567	fn
192671	1567	fn
192670	1567	fn
192738	21749	fn
192739	1567	fn
192730	4089	fn
192733	1567	fn
192740	1567	fn
192695	1567	fn
192684	1567	fn
192685	1567	fn
192680	1567	fn
192683	1567	fn
192760	1567	fn
192658	1567	fn
192716	1567	fn
192711	1567	fn
192554	1567	fn
192555	1567	fn
192550	128091	fn
192612	1567	fn
192614	1567	fn
192619	1567	fn
192585	1567	fn
192584	1567	fn
192588	1567	fn
192622	578	fn
192623	1567	fn
192620	1567	fn
192569	715	fn
192561	1567	fn
192560	1567	fn
192565	1567	fn
192601	715	fn
192608	1567	fn
192596	1567	fn
192597	1567	fn
192543	1567	fn
192544	1567	fn
192627	1567	fn
192549	1567	fn
192571	1567	fn
192481	1567	fn
192524	1567	fn
192523	12653	fn
192458	1567	fn
192482	1567	fn
192459	1567	fn
192472	1567	fn
192471	104112	fn
192478	1567	fn
192531	1567	fn
192538	1567	fn
192537	4089	fn
192493	1567	fn
192513	1567	fn
192514	1567	fn
192518	102447	fn
192526	617	fn
192461	1567	fn
192463	1567	fn
192509	1567	fn
192507	1567	fn
192504	1567	fn
192496	1567	fn
192488	135824	fn
191769	1567	fn
191772	1567	fn
191736	324	fn
191739	1567	fn
191814	131444	fn
191816	1567	fn
191812	1567	fn
191804	1567	fn
191748	1567	fn
191749	1567	fn
191742	1567	fn
191776	1567	fn
191793	1567	fn
191794	1567	fn
191799	1567	fn
191718	1567	fn
191713	1567	fn
191711	1567	fn
191710	1567	fn
191715	1567	fn
191813	1567	fn
191722	1567	fn
191727	668	fn
191729	1567	fn
191821	1567	fn
191822	1567	fn
191825	1567	fn
191824	1567	fn
191826	1567	fn
191779	1567	fn
191775	1567	fn
191771	1567	fn
191758	34640	fn
191591	1567	fn
191590	1567	fn
191705	1567	fn
191701	66705	fn
191703	113322	fn
191658	1567	fn
191659	578	fn
191657	1567	fn
191674	1567	fn
191679	1567	fn
191689	1567	fn
191681	578	fn
191672	1567	fn
191587	1567	fn
191588	166355	fn
191644	1567	fn
191627	1567	fn
191629	1567	fn
191624	119	fn
191686	1567	fn
191616	4089	fn
191617	4089	fn
191612	1567	fn
191401	1567	fn
191400	1567	fn
191382	1567	fn
191377	1567	fn
191308	1567	fn
191300	1567	fn
191307	70055	fn
191263	1567	fn
191257	1567	fn
191254	1567	fn
191252	1567	fn
191289	1567	fn
191281	119	fn
191280	1567	fn
191282	1567	fn
191285	1567	fn
191284	10309	fn
191339	1567	fn
191334	1567	fn
191331	70055	fn
191333	1567	fn
191349	1567	fn
191317	1567	fn
191315	1567	fn
191313	1567	fn
191310	119	fn
191318	1567	fn
191293	1567	fn
191290	1567	fn
191296	1567	fn
191258	1567	fn
191302	1456	fn
191273	1567	fn
191330	1567	fn
191093	1567	fn
191050	1567	fn
191052	1567	fn
191057	1567	fn
191126	1567	fn
191120	1567	fn
191121	1567	fn
191128	1567	fn
191003	1567	fn
191002	1567	fn
191007	578	fn
191004	1567	fn
191088	1567	fn
191083	1567	fn
191081	1567	fn
191085	1567	fn
191084	1567	fn
191095	578	fn
191019	4384	fn
190999	1567	fn
190940	1567	fn
190939	1567	fn
190931	1567	fn
190618	1567	fn
190616	1567	fn
190561	1567	fn
190559	1567	fn
190588	61707	fn
190581	1567	fn
190583	1567	fn
190634	1567	fn
190628	1567	fn
190606	1567	fn
190572	1567	fn
190612	1567	fn
190562	165807	fn
190595	1567	fn
190625	1567	fn
190627	1567	fn
190621	115514	fn
190629	1567	fn
190424	1567	fn
190422	1567	fn
190421	1567	fn
190471	578	fn
190541	1567	fn
190554	1567	fn
190427	1567	fn
190470	119	fn
190474	168053	fn
190477	1567	fn
190535	578	fn
190484	1567	fn
190480	1567	fn
190451	1567	fn
190457	1567	fn
190488	1567	fn
190463	1567	fn
190460	1567	fn
190506	1567	fn
190509	1567	fn
190478	1567	fn
190552	1567	fn
190448	1567	fn
190449	1567	fn
190444	1567	fn
190455	1567	fn
190529	58391	fn
190528	1567	fn
190527	1567	fn
190526	119	fn
190525	73262	fn
190495	1567	fn
190491	578	fn
190490	1567	fn
190518	1567	fn
190510	1567	fn
190511	1567	fn
190517	1567	fn
190515	1567	fn
190429	1567	fn
190338	1567	fn
190337	1567	fn
190334	1567	fn
190331	1567	fn
190335	2839	fn
190333	1567	fn
190290	1567	fn
190363	1567	fn
190393	1567	fn
190318	1567	fn
190408	1567	fn
190402	1567	fn
190309	119	fn
190395	1567	fn
190396	1567	fn
190343	1567	fn
190349	1567	fn
190344	1567	fn
190373	1567	fn
190375	1567	fn
190330	1567	fn
190284	1567	fn
190283	1567	fn
190281	1567	fn
190289	1567	fn
190317	1567	fn
190328	1567	fn
190326	1567	fn
190310	12989	fn
190313	138243	fn
190359	1567	fn
190357	1567	fn
190351	1567	fn
190398	1567	fn
190389	12653	fn
190303	1567	fn
190362	1567	fn
190417	34640	fn
190415	1567	fn
190414	119	fn
190412	1567	fn
190411	1567	fn
190208	1567	fn
190200	1567	fn
190204	715	fn
190250	1567	fn
190255	1567	fn
190254	1567	fn
190198	24829	fn
190196	1567	fn
190192	119	fn
190193	1567	fn
190218	1567	fn
190212	1567	fn
190237	1567	fn
190207	1567	fn
190236	1567	fn
190232	1567	fn
190220	1567	fn
190223	1567	fn
190224	1567	fn
190226	1567	fn
190227	1567	fn
190165	1567	fn
190169	1567	fn
190241	1567	fn
190154	725	fn
190176	1567	fn
190272	1567	fn
190079	1567	fn
190074	1567	fn
190107	1567	fn
190115	11651	fn
190068	1567	fn
190069	1567	fn
190067	1567	fn
190105	1567	fn
190106	1567	fn
190100	715	fn
190062	1567	fn
190076	1567	fn
190043	1567	fn
190045	1567	fn
190046	1567	fn
190116	1567	fn
190114	1567	fn
190110	1567	fn
190119	138243	fn
190129	1567	fn
190095	1567	fn
190098	1567	fn
190059	1567	fn
190140	715	fn
190142	1567	fn
190147	1567	fn
190085	1567	fn
190081	1567	fn
190133	1567	fn
190134	1567	fn
190136	1567	fn
190002	1567	fn
189985	167918	fn
190008	1567	fn
189981	1567	fn
189990	1567	fn
190024	1567	fn
189975	1567	fn
189999	1567	fn
189991	90942	fn
189996	1567	fn
190032	1567	fn
190038	1567	fn
190025	1567	fn
189973	1567	fn
190019	1567	fn
190013	1567	fn
190014	1567	fn
190029	1567	fn
189957	1567	fn
189950	1567	fn
189952	1567	fn
189935	56909	fn
189930	1567	fn
189964	1567	fn
189967	1567	fn
189936	1567	fn
189932	1567	fn
189909	1567	fn
189910	1567	fn
189911	99699	fn
189913	53344	fn
189916	1567	fn
189941	1567	fn
189948	1567	fn
189905	1567	fn
189904	1567	fn
189947	1567	fn
189960	1567	fn
189888	1567	fn
189889	1567	fn
189886	58391	fn
189926	1567	fn
189920	1567	fn
189953	1567	fn
189798	1567	fn
189820	1567	fn
189838	1567	fn
189830	1567	fn
189872	1567	fn
189870	1567	fn
189879	1567	fn
189878	13900	fn
189791	119	fn
189797	1567	fn
189844	1567	fn
189822	1567	fn
189827	1567	fn
189814	1567	fn
189810	1567	fn
189864	16393	fn
189868	1567	fn
189796	1567	fn
189816	1567	fn
189812	126417	fn
189834	1567	fn
189806	1567	fn
189880	1567	fn
189805	119	fn
189780	1567	fn
189786	13900	fn
189859	90939	fn
189858	1567	fn
189855	119	fn
189854	1567	fn
189846	2839	fn
189600	1567	fn
189605	1567	fn
189518	77513	fn
189595	1567	fn
189596	1567	fn
189590	1567	fn
189591	77513	fn
189544	578	fn
189540	1567	fn
189532	36456	fn
189550	2286	fn
189574	1567	fn
189575	1567	fn
189572	1567	fn
189545	1567	fn
189543	1567	fn
189542	1567	fn
189621	58391	fn
189639	1567	fn
189636	1567	fn
189632	70055	fn
189528	1567	fn
189520	1567	fn
189522	1567	fn
189526	1567	fn
189623	1567	fn
189557	1567	fn
189559	1567	fn
189601	13900	fn
189584	1567	fn
189424	1567	fn
189425	1567	fn
189426	1567	fn
189421	1567	fn
189423	1567	fn
189509	1567	fn
189477	578	fn
189446	66353	fn
189447	1567	fn
189440	1567	fn
189429	1567	fn
189444	119	fn
189457	1567	fn
188846	1567	fn
188849	1567	fn
188923	1567	fn
188925	103018	fn
188863	1567	fn
188867	138243	fn
188839	1567	fn
188830	1567	fn
188833	1567	fn
188877	1567	fn
188903	1567	fn
188908	1567	fn
188865	1567	fn
188876	1567	fn
188917	1567	fn
188914	1567	fn
188850	1567	fn
188854	1567	fn
188916	1567	fn
188918	1567	fn
188885	1567	fn
188887	1567	fn
188882	1567	fn
188845	1567	fn
188848	1567	fn
188934	34116	fn
188902	1567	fn
188878	1567	fn
188826	13900	fn
188824	1567	fn
188853	1567	fn
188898	1567	fn
188921	1567	fn
188777	1567	fn
188776	1567	fn
188773	1567	fn
188786	1567	fn
188746	1567	fn
188747	1567	fn
188745	12653	fn
188742	1567	fn
188740	1567	fn
188748	83532	fn
188749	1567	fn
188719	1567	fn
188718	1567	fn
188790	1567	fn
188795	1567	fn
188794	125991	fn
188799	1567	fn
188538	119	fn
188534	1567	fn
188537	1567	fn
188545	96227	fn
188543	1567	fn
188499	1567	fn
188496	1567	fn
188495	62418	fn
188504	1567	fn
188529	1567	fn
188527	1567	fn
188525	60618	fn
188476	1567	fn
188449	1567	fn
188447	1567	fn
188440	1567	fn
188443	1567	fn
188406	1567	fn
188439	1567	fn
188435	1567	fn
188433	1567	fn
188466	1567	fn
188463	1567	fn
188462	1567	fn
188434	1567	fn
188436	1567	fn
188456	1567	fn
188450	1567	fn
188488	1567	fn
188481	1567	fn
188484	1567	fn
188409	715	fn
188458	1567	fn
187574	85449	fn
187610	1567	fn
187644	1567	fn
187643	159213	fn
187629	1567	fn
187539	1567	fn
187612	1567	fn
187642	1567	fn
187414	1567	fn
187413	1567	fn
187495	1567	fn
187494	1567	fn
187499	166355	fn
187519	1567	fn
187515	1567	fn
187427	578	fn
187425	1567	fn
187422	1567	fn
187496	1567	fn
187478	1567	fn
187400	1567	fn
187405	578	fn
187465	1567	fn
187458	1567	fn
187503	1567	fn
187502	26192	fn
187507	1567	fn
187403	1567	fn
187434	1567	fn
187437	1567	fn
187399	1567	fn
187469	1567	fn
186386	1567	fn
186387	1567	fn
186337	1567	fn
186332	1567	fn
186371	1567	fn
186375	1567	fn
186340	578	fn
186349	1567	fn
186379	578	fn
186378	119	fn
186373	1567	fn
186327	1567	fn
186376	1567	fn
186319	119	fn
186316	1567	fn
186315	1567	fn
186363	578	fn
186366	69887	fn
186364	1567	fn
186326	1567	fn
186325	13900	fn
186323	1567	fn
186328	1567	fn
186245	1567	fn
186247	1567	fn
186241	1567	fn
186266	1567	fn
186265	1567	fn
186263	1567	fn
186260	1567	fn
186253	1567	fn
186255	1567	fn
186252	1567	fn
186258	1567	fn
186209	78754	fn
186201	1567	fn
186200	1567	fn
186202	1567	fn
186271	1567	fn
186278	1567	fn
186282	1567	fn
186269	1567	fn
186261	1567	fn
186206	1567	fn
186199	1567	fn
186221	1567	fn
186226	1567	fn
186225	1567	fn
186272	1567	fn
186273	1567	fn
186292	1567	fn
186219	1567	fn
186212	1567	fn
186216	1567	fn
186223	1567	fn
186227	1567	fn
186291	1567	fn
186276	131444	fn
186236	1567	fn
186188	1567	fn
186181	1567	fn
186175	1567	fn
186155	159638	fn
186171	1567	fn
186167	1567	fn
186198	1567	fn
186195	1567	fn
186060	1567	fn
186010	1567	fn
186062	149076	fn
186057	1567	fn
186041	1567	fn
185755	1567	fn
185839	1567	fn
185874	1567	fn
185849	1567	fn
185843	1567	fn
185840	1567	fn
185789	1567	fn
185785	1567	fn
185731	1567	fn
185631	1567	fn
185632	1567	fn
185635	1567	fn
185639	1567	fn
185638	1567	fn
185649	1456	fn
185640	1567	fn
185641	1567	fn
185644	1567	fn
185645	1567	fn
185646	1567	fn
185673	1567	fn
185609	1567	fn
185693	1567	fn
185691	1567	fn
185690	3537	fn
185699	1567	fn
185583	6194	fn
185580	1567	fn
185537	1567	fn
185535	1567	fn
185533	715	fn
185587	1567	fn
185497	1567	fn
185498	1567	fn
185600	1567	fn
185603	1567	fn
185566	1567	fn
185541	1567	fn
185545	715	fn
185571	1567	fn
185576	1567	fn
185579	715	fn
185517	1567	fn
185538	1567	fn
185524	1567	fn
185522	1567	fn
185559	1567	fn
185555	1567	fn
185556	1567	fn
185429	1567	fn
185424	1567	fn
185479	1567	fn
185473	578	fn
185441	1567	fn
185444	156231	fn
185445	1567	fn
185449	1567	fn
185462	1567	fn
185410	1567	fn
185412	1567	fn
185468	1567	fn
185466	1567	fn
185453	1567	fn
185455	1567	fn
185456	1567	fn
185458	1567	fn
185437	1567	fn
185436	1567	fn
185434	119	fn
185481	578	fn
185480	119	fn
185347	1567	fn
185366	1567	fn
185362	1567	fn
185360	1567	fn
185395	1567	fn
185355	1567	fn
185383	1567	fn
185382	1567	fn
185385	1567	fn
185384	1567	fn
185386	1567	fn
185339	1567	fn
185343	1567	fn
185379	1567	fn
185377	1567	fn
185350	1567	fn
185326	10309	fn
185324	1567	fn
185390	167918	fn
185397	1567	fn
185405	140974	fn
185316	1567	fn
185315	1567	fn
185318	1567	fn
185409	1567	fn
185401	34116	fn
185346	1567	fn
185340	1567	fn
185371	166355	fn
185338	1567	fn
185336	70055	fn
185280	1567	fn
185285	1567	fn
185287	1567	fn
185289	1567	fn
185200	1567	fn
185204	1567	fn
185197	1567	fn
185306	1567	fn
185253	1567	fn
185258	58391	fn
185263	1567	fn
185270	1567	fn
185304	1567	fn
185239	1567	fn
185240	145450	fn
185299	1567	fn
185295	119	fn
185294	1567	fn
185290	1567	fn
185272	1567	fn
185275	145691	fn
185217	1567	fn
185212	1567	fn
185218	1567	fn
185313	1567	fn
185310	110271	fn
185227	1567	fn
185251	1567	fn
185228	1567	fn
185224	1567	fn
184963	578	fn
185033	70055	fn
185032	1567	fn
185036	1567	fn
185013	131444	fn
185015	1567	fn
185001	1567	fn
185004	1567	fn
184962	1567	fn
185059	1567	fn
185058	1567	fn
184994	1567	fn
184993	1567	fn
184991	50305	fn
185022	1567	fn
184966	1567	fn
185026	1567	fn
184983	1567	fn
184971	1567	fn
184973	1567	fn
185046	1567	fn
185044	77513	fn
185042	138243	fn
185040	1567	fn
185049	1567	fn
185011	1567	fn
185030	119	fn
185037	1567	fn
184734	1567	fn
184731	1567	fn
184738	1567	fn
184822	70055	fn
184825	119	fn
184829	4089	fn
184787	1567	fn
184785	1567	fn
184780	1567	fn
184789	1567	fn
184813	1567	fn
184816	1567	fn
184817	1567	fn
184750	1567	fn
184753	1567	fn
184798	10309	fn
184664	1567	fn
184718	1567	fn
184717	1567	fn
184711	1567	fn
184691	1567	fn
184692	1567	fn
184649	1567	fn
184708	1567	fn
184671	1567	fn
184674	715	fn
184678	1567	fn
184703	1567	fn
184690	1567	fn
184650	578	fn
184651	715	fn
184652	1567	fn
184698	578	fn
184689	1567	fn
184682	1567	fn
184675	138243	fn
184684	1567	fn
184616	1567	fn
184630	668	fn
184600	1567	fn
184625	1567	fn
184627	1567	fn
184626	578	fn
184578	1567	fn
184577	1567	fn
184576	1567	fn
184586	1567	fn
184587	578	fn
184583	1567	fn
184519	1567	fn
184557	1567	fn
184555	1567	fn
184551	1567	fn
184558	1567	fn
184496	1567	fn
184494	1567	fn
184493	1567	fn
184548	1567	fn
184565	1567	fn
184560	1567	fn
184561	1567	fn
184505	1567	fn
184503	119	fn
184531	1567	fn
184574	1567	fn
184549	1567	fn
184545	1567	fn
184546	1567	fn
184544	1567	fn
184566	1567	fn
184364	1567	fn
184410	1567	fn
184411	1567	fn
184419	1567	fn
184365	1567	fn
184443	1567	fn
184430	1567	fn
184435	119	fn
184438	1567	fn
184372	715	fn
184464	1567	fn
184469	1567	fn
184458	1567	fn
184457	119	fn
184415	10309	fn
184393	1567	fn
184385	1567	fn
184400	58391	fn
184409	1567	fn
184408	1567	fn
184299	1567	fn
184297	77513	fn
184292	1567	fn
184245	1567	fn
184274	1567	fn
184275	1567	fn
184279	1567	fn
184309	1567	fn
184300	1567	fn
184307	1567	fn
184359	1567	fn
184358	1567	fn
184258	1567	fn
184324	1567	fn
184329	1567	fn
184281	108664	fn
184287	96227	fn
184252	1567	fn
184314	1567	fn
184264	1567	fn
184153	1567	fn
184243	113352	fn
184161	1567	fn
184187	1567	fn
184135	1567	fn
184231	1567	fn
184228	1567	fn
184220	18918	fn
184225	54848	fn
184224	1567	fn
184226	715	fn
184144	1567	fn
184199	1567	fn
184198	1567	fn
184197	1567	fn
184194	3875	fn
184244	1567	fn
184203	1567	fn
184202	1567	fn
184201	13900	fn
184204	1567	fn
184134	1567	fn
184140	1567	fn
184139	1567	fn
184230	1567	fn
184234	58391	fn
184235	1567	fn
184172	119	fn
184218	1567	fn
184180	85449	fn
184181	1567	fn
184188	1567	fn
184166	1567	fn
184168	1567	fn
184214	578	fn
184213	1567	fn
184089	1567	fn
184088	1567	fn
184102	1567	fn
184103	82	fn
184104	1567	fn
184107	1567	fn
184064	1567	fn
184068	1567	fn
183880	105948	fn
183882	1567	fn
183964	1567	fn
183963	578	fn
183961	1567	fn
183954	1567	fn
183901	103469	fn
183903	1567	fn
183905	1567	fn
183930	1567	fn
183944	1567	fn
183942	1567	fn
183884	1567	fn
183928	1567	fn
183921	1567	fn
183893	12653	fn
183892	1567	fn
183891	1456	fn
183826	1567	fn
183821	1567	fn
183873	1567	fn
183853	1567	fn
183855	1567	fn
183863	1567	fn
183861	1567	fn
183867	1567	fn
183865	1567	fn
183835	1567	fn
183869	1567	fn
183843	1567	fn
183810	1567	fn
183817	1567	fn
183708	76028	fn
183702	1567	fn
183781	119	fn
183673	1567	fn
183677	1567	fn
183676	1567	fn
183679	1567	fn
183737	1567	fn
183763	1567	fn
183765	77513	fn
183695	1567	fn
183691	1567	fn
183693	1567	fn
183748	1567	fn
183699	89505	fn
183740	1567	fn
183747	1567	fn
183741	50305	fn
183701	1567	fn
183772	1567	fn
183773	1567	fn
183685	199	fn
183684	1567	fn
183683	1567	fn
183680	578	fn
183725	1567	fn
183720	119	fn
183722	1567	fn
183733	11173	fn
183767	1567	fn
183756	1567	fn
183757	1567	fn
183752	1567	fn
183753	1567	fn
183621	1567	fn
183598	1567	fn
183592	1567	fn
183548	1567	fn
183649	1567	fn
183641	1567	fn
183580	1567	fn
183582	1567	fn
183637	1567	fn
183632	1567	fn
183630	1567	fn
183520	1567	fn
183639	1567	fn
183607	1567	fn
183604	1567	fn
183601	1567	fn
183575	1567	fn
183576	1567	fn
183572	77513	fn
183573	1567	fn
183515	77513	fn
183533	1567	fn
183534	1567	fn
183537	1567	fn
183656	1567	fn
183652	1567	fn
183527	1567	fn
183472	1567	fn
183475	1567	fn
183489	67312	fn
183485	1567	fn
183481	1567	fn
183453	1567	fn
183468	1567	fn
183465	1567	fn
183463	578	fn
183469	1567	fn
183423	1567	fn
183509	1567	fn
183502	1567	fn
183429	1567	fn
183420	1567	fn
183427	1567	fn
183435	3636	fn
183455	1567	fn
183444	1567	fn
183447	1567	fn
183364	1567	fn
183354	1567	fn
183355	1567	fn
183385	1567	fn
183382	83046	fn
183388	115500	fn
183375	1567	fn
183339	70179	fn
183336	1567	fn
183337	1567	fn
183338	1567	fn
183360	1567	fn
183362	725	fn
183387	1567	fn
183344	1567	fn
183342	1567	fn
183349	1567	fn
183392	77513	fn
183402	1567	fn
183409	1567	fn
183376	1567	fn
183374	1567	fn
183317	1567	fn
183325	1567	fn
183329	1567	fn
183305	1567	fn
183250	1567	fn
183253	138243	fn
183196	1567	fn
183197	1567	fn
183220	149212	fn
183278	1567	fn
183248	1567	fn
183240	1567	fn
183227	1567	fn
183213	1567	fn
183273	1567	fn
183261	1567	fn
183263	1567	fn
183264	1567	fn
183266	1567	fn
183267	1567	fn
183212	1567	fn
183219	1567	fn
183233	1567	fn
183236	1567	fn
183205	1567	fn
183202	1567	fn
183206	1567	fn
183209	1567	fn
183177	1567	fn
183122	1567	fn
183120	1567	fn
183127	1567	fn
183124	1567	fn
183165	1567	fn
183096	1567	fn
183095	1567	fn
183093	1567	fn
183098	2603	fn
183113	1567	fn
183110	1567	fn
183117	1567	fn
183114	1567	fn
183193	1567	fn
183145	1567	fn
183131	1567	fn
183132	1567	fn
183139	1567	fn
183163	1567	fn
183160	1567	fn
183156	1567	fn
183159	166448	fn
183151	1567	fn
183108	1567	fn
183102	1567	fn
183105	84557	fn
183090	1567	fn
183183	1567	fn
183182	1567	fn
183189	137990	fn
183171	1567	fn
183173	1567	fn
183176	119	fn
183178	1567	fn
183161	1567	fn
183019	1567	fn
183018	1567	fn
183026	1567	fn
183027	1567	fn
182539	1567	fn
182571	1567	fn
182439	58391	fn
182431	70055	fn
182436	1567	fn
182434	1567	fn
182435	1567	fn
182518	58391	fn
182511	1567	fn
182442	78754	fn
182475	1567	fn
182508	1567	fn
182509	1567	fn
182502	1567	fn
182503	119	fn
182501	119	fn
182504	1567	fn
182440	715	fn
182421	1567	fn
182424	1567	fn
182452	1567	fn
182454	1567	fn
182455	1567	fn
182477	1567	fn
182498	1567	fn
182495	1567	fn
182520	1567	fn
182211	1567	fn
182271	1567	fn
182205	1567	fn
182194	1567	fn
182196	1567	fn
182225	6410	fn
182223	1567	fn
182221	1567	fn
182220	164121	fn
182279	1567	fn
182278	1567	fn
182297	1567	fn
182294	1567	fn
182295	167918	fn
182217	1567	fn
182241	1567	fn
182244	1567	fn
182246	1567	fn
182182	1567	fn
182193	1567	fn
182230	69887	fn
182234	1567	fn
182236	1567	fn
182238	1567	fn
182239	1567	fn
182061	1567	fn
182068	1567	fn
182152	1567	fn
182154	166355	fn
182158	1567	fn
182058	1567	fn
182120	1567	fn
181867	1567	fn
181835	38096	fn
181881	1567	fn
181889	1567	fn
181853	1567	fn
181852	1567	fn
181877	1567	fn
181876	1567	fn
181875	1567	fn
181840	1567	fn
181841	1567	fn
181844	119	fn
181864	1567	fn
181863	40085	fn
181860	1567	fn
181894	1567	fn
181891	1567	fn
181818	83988	fn
181811	1567	fn
181810	668	fn
181813	1567	fn
181784	1567	fn
181770	1567	fn
181773	1567	fn
181774	1567	fn
181775	1567	fn
181776	1567	fn
181777	119	fn
181778	1567	fn
181832	1567	fn
181729	1567	fn
181808	97060	fn
181806	1567	fn
181802	1567	fn
181803	1567	fn
181796	1567	fn
181797	1567	fn
181795	1567	fn
181741	1567	fn
181742	1567	fn
181830	1567	fn
181093	1567	fn
181111	1567	fn
181113	1567	fn
181114	1567	fn
181073	1567	fn
181077	1567	fn
181066	1567	fn
181067	1567	fn
181060	1567	fn
181061	1567	fn
181062	1567	fn
181063	1567	fn
181069	58391	fn
181127	1567	fn
181122	1567	fn
181020	1567	fn
181037	1567	fn
181036	1567	fn
181031	725	fn
181006	23864	fn
181008	141505	fn
180969	1567	fn
180597	1567	fn
180593	1567	fn
180608	1567	fn
180576	1567	fn
180632	1567	fn
180630	1567	fn
180631	1567	fn
180637	1567	fn
180635	1567	fn
180639	1567	fn
180589	50305	fn
180584	1567	fn
180590	1567	fn
180601	1567	fn
180612	1567	fn
180655	1567	fn
180654	1567	fn
180605	1567	fn
180602	1567	fn
180561	119	fn
180565	1567	fn
180618	1567	fn
180646	668	fn
180557	1567	fn
180545	1567	fn
180472	1567	fn
180474	1567	fn
180427	1567	fn
180491	1567	fn
180496	1567	fn
180445	1567	fn
180447	1567	fn
180449	1567	fn
180435	1567	fn
180437	1567	fn
180430	1567	fn
180500	1567	fn
180465	1567	fn
180461	1567	fn
180460	1567	fn
180450	1567	fn
180451	1567	fn
180454	1567	fn
180480	1567	fn
180483	1567	fn
180485	1567	fn
180490	1567	fn
180353	1567	fn
180354	1567	fn
180339	1567	fn
180320	1567	fn
180322	1567	fn
180326	1567	fn
180421	1567	fn
180424	1567	fn
180414	1567	fn
180415	1567	fn
180373	1567	fn
180376	578	fn
180341	162002	fn
180346	1567	fn
180347	157809	fn
180315	1567	fn
180318	1567	fn
180398	1567	fn
180397	1567	fn
180392	124499	fn
180366	1567	fn
180367	1567	fn
180363	1567	fn
180369	578	fn
180335	1567	fn
180330	20118	fn
180389	1567	fn
180387	1567	fn
180380	1567	fn
180381	1567	fn
180401	1567	fn
180250	1567	fn
180253	1567	fn
180197	1567	fn
180204	1567	fn
180203	1567	fn
180233	1567	fn
180269	1567	fn
180261	1567	fn
180263	1567	fn
180264	1567	fn
180266	1567	fn
180207	324	fn
180217	1567	fn
180213	50305	fn
180240	1567	fn
179597	1567	fn
179528	1567	fn
179448	1567	fn
179318	1567	fn
179315	1567	fn
179319	1567	fn
179311	1567	fn
179317	1567	fn
179393	1567	fn
179392	1567	fn
179364	1567	fn
179368	119	fn
179350	1567	fn
179359	1567	fn
179389	115500	fn
179332	1567	fn
179330	1567	fn
179405	119	fn
179402	1567	fn
179303	1567	fn
179307	1567	fn
179304	1567	fn
179407	1567	fn
179411	1567	fn
179336	1567	fn
179334	1567	fn
179357	1567	fn
179416	1567	fn
179366	1567	fn
179320	119	fn
179398	1567	fn
179375	58391	fn
179370	1567	fn
179323	1567	fn
179425	1567	fn
179423	1567	fn
179260	1567	fn
179268	1567	fn
179215	1567	fn
179217	1567	fn
179218	12653	fn
179296	1567	fn
179297	1567	fn
179178	1567	fn
179162	1567	fn
179167	1567	fn
179168	84280	fn
179169	1567	fn
179247	119	fn
179245	1567	fn
179274	50305	fn
179271	1567	fn
179279	12653	fn
179194	1567	fn
179173	158898	fn
179237	18652	fn
179208	1567	fn
179286	1567	fn
179206	1567	fn
179238	1567	fn
179172	1567	fn
179175	1567	fn
179108	1567	fn
179062	1567	fn
179068	1567	fn
179096	1567	fn
179155	16709	fn
179150	1567	fn
179154	1567	fn
179097	1567	fn
179056	1567	fn
179054	1567	fn
179055	1567	fn
179084	1567	fn
179138	1567	fn
179134	1567	fn
179137	1567	fn
179070	1567	fn
179073	1567	fn
179039	1567	fn
179033	1567	fn
179087	1567	fn
179145	1567	fn
179140	1567	fn
179142	1567	fn
179029	1567	fn
179027	1567	fn
179114	45245	fn
179113	578	fn
179112	1567	fn
179098	1567	fn
179095	1567	fn
179152	1567	fn
179124	1567	fn
179122	1567	fn
179120	1567	fn
179044	1567	fn
179049	1567	fn
179048	1567	fn
179019	1567	fn
179023	1567	fn
179025	1567	fn
178976	1567	fn
178974	1567	fn
178975	1567	fn
178972	1567	fn
178971	1567	fn
178983	1567	fn
178982	1567	fn
178283	47031	fn
178287	1567	fn
178235	1567	fn
177789	1567	fn
177780	1567	fn
177782	1567	fn
177784	1567	fn
177818	1567	fn
177819	1567	fn
177812	1567	fn
177814	1567	fn
177773	1567	fn
177848	1567	fn
177843	1567	fn
177842	1567	fn
177783	1567	fn
177801	26468	fn
177769	1567	fn
177829	1567	fn
177828	1567	fn
177823	1567	fn
177794	1567	fn
177844	77513	fn
177644	1567	fn
177647	1567	fn
177642	1567	fn
177637	1567	fn
177631	1567	fn
177633	1567	fn
177703	119	fn
177709	1567	fn
177664	1567	fn
177655	1567	fn
177659	1567	fn
177695	1567	fn
177682	28289	fn
177685	1567	fn
177686	1567	fn
177688	1567	fn
177660	1567	fn
177650	1567	fn
177676	1567	fn
177677	1567	fn
177740	1567	fn
177742	1567	fn
177620	1567	fn
177624	1567	fn
177628	1567	fn
177734	1567	fn
177717	1567	fn
177692	1567	fn
177694	1567	fn
177726	1567	fn
177727	1567	fn
177722	1567	fn
177723	1567	fn
177728	1567	fn
177480	1567	fn
177489	115594	fn
177600	5744	fn
177549	1567	fn
177546	58391	fn
177544	167918	fn
177595	1567	fn
177597	1567	fn
177511	1567	fn
177493	578	fn
177498	1567	fn
177568	58391	fn
177560	1567	fn
177609	20125	fn
177538	1567	fn
177531	2802	fn
177534	578	fn
177478	1567	fn
177479	1567	fn
177473	1567	fn
177576	1567	fn
177572	1567	fn
177529	1567	fn
177588	1567	fn
177589	1567	fn
177580	1567	fn
177581	1567	fn
177584	119	fn
177507	1567	fn
177554	166355	fn
177557	77513	fn
177550	1567	fn
177610	1567	fn
177521	1567	fn
177528	1567	fn
177520	1567	fn
177438	53136	fn
177457	1567	fn
177465	1567	fn
177467	77513	fn
177466	1567	fn
177461	119	fn
177418	1567	fn
177415	1567	fn
177416	1567	fn
177424	1567	fn
177458	1567	fn
177456	1567	fn
177427	1567	fn
177406	85449	fn
177405	715	fn
177382	1567	fn
177365	1567	fn
177368	1567	fn
177414	1567	fn
177411	1567	fn
177404	1567	fn
177173	1567	fn
177176	1567	fn
177061	1567	fn
177113	1567	fn
177112	1567	fn
177010	39500	fn
177013	1567	fn
177014	1567	fn
177016	1567	fn
177093	1567	fn
177095	1567	fn
177041	578	fn
177047	1567	fn
177134	1567	fn
177131	1567	fn
177066	1567	fn
177070	1567	fn
177075	13900	fn
177104	119	fn
177105	1567	fn
177102	1567	fn
177101	1567	fn
177021	1567	fn
177020	1567	fn
177028	1567	fn
177050	1567	fn
177120	121555	fn
177121	1567	fn
177123	1567	fn
177006	1567	fn
177001	1567	fn
177000	166355	fn
177085	1567	fn
177083	1567	fn
177082	1567	fn
177081	1567	fn
177036	5829	fn
177037	1567	fn
177039	1567	fn
176897	1567	fn
176916	578	fn
176938	1567	fn
176963	1567	fn
176961	1567	fn
176956	1567	fn
176954	1567	fn
176958	4089	fn
176912	1567	fn
176941	1567	fn
176940	1567	fn
176943	1567	fn
176982	1567	fn
176984	119	fn
176989	1567	fn
176959	1567	fn
176908	7567	fn
176977	1567	fn
176929	1567	fn
176819	1567	fn
176814	578	fn
176811	1567	fn
176810	1567	fn
176823	1567	fn
176870	12653	fn
176801	1567	fn
176880	1567	fn
176882	1567	fn
176886	578	fn
176858	78754	fn
176790	1567	fn
176793	1567	fn
176797	1567	fn
176798	12653	fn
176830	1567	fn
176832	1567	fn
176782	1567	fn
176844	77513	fn
176842	1567	fn
176848	1567	fn
176777	1567	fn
176779	1567	fn
176723	1567	fn
176742	1567	fn
176752	1567	fn
176705	1567	fn
176709	1567	fn
176732	1567	fn
176733	1567	fn
176730	1567	fn
176731	1567	fn
176725	1567	fn
176724	1567	fn
176720	1567	fn
176768	1567	fn
176764	1567	fn
176766	1567	fn
176718	1567	fn
176719	1567	fn
176547	33249	fn
176588	1567	fn
176636	1567	fn
176577	1567	fn
176573	1567	fn
176578	1567	fn
176435	1567	fn
176442	1567	fn
176437	1567	fn
176518	1567	fn
176423	1567	fn
176421	1567	fn
176424	13900	fn
176534	1567	fn
176389	1567	fn
176527	1567	fn
176492	1567	fn
176476	1567	fn
176483	1567	fn
176488	1567	fn
176408	1567	fn
176403	1567	fn
176487	1567	fn
176459	1567	fn
176441	42669	fn
176506	1567	fn
176503	1567	fn
176502	1567	fn
176509	1567	fn
176399	1567	fn
176397	1567	fn
176468	1567	fn
176466	1567	fn
176465	1567	fn
176463	1567	fn
176460	1567	fn
176287	1567	fn
176321	1567	fn
176014	1567	fn
176023	1567	fn
175984	1567	fn
175987	1567	fn
175980	1567	fn
176049	715	fn
176041	1567	fn
176075	13900	fn
176077	1567	fn
176076	1567	fn
176029	1567	fn
176035	119	fn
176036	1567	fn
176088	1567	fn
176089	4089	fn
176058	1567	fn
176052	1567	fn
176055	1567	fn
176054	1567	fn
175913	1567	fn
175917	1567	fn
175919	1567	fn
175935	1567	fn
175937	1567	fn
175928	715	fn
175971	1567	fn
175927	1567	fn
175973	1567	fn
175961	12653	fn
175950	1567	fn
175957	1567	fn
175912	119	fn
175914	1567	fn
175962	1567	fn
175920	1567	fn
175933	1567	fn
175940	1567	fn
175943	119	fn
175944	1567	fn
175945	1567	fn
175948	1567	fn
175825	1567	fn
175829	1567	fn
175893	1567	fn
175890	1567	fn
175838	1567	fn
175834	1567	fn
175835	1567	fn
175865	1567	fn
175854	1567	fn
175884	1567	fn
175887	1567	fn
175878	93570	fn
175768	578	fn
175823	1567	fn
175821	1567	fn
175767	1567	fn
175818	1567	fn
175810	1567	fn
175811	1567	fn
175785	1567	fn
175789	1567	fn
175752	1567	fn
175788	1567	fn
175718	1567	fn
175722	1567	fn
175728	1567	fn
175729	1567	fn
175792	1567	fn
175774	1567	fn
175771	1567	fn
175782	1567	fn
175802	1567	fn
175745	1567	fn
175742	12653	fn
175740	1567	fn
175741	1567	fn
175807	1567	fn
175801	1567	fn
175790	1567	fn
175711	1567	fn
175713	1567	fn
175712	1567	fn
175793	1567	fn
175645	1567	fn
175670	468	fn
175677	1567	fn
175673	1567	fn
175702	1567	fn
175700	1567	fn
175622	1567	fn
175627	1567	fn
175607	1567	fn
175609	1567	fn
175608	1567	fn
175686	1567	fn
175685	1567	fn
175634	1567	fn
175620	1567	fn
175666	1567	fn
175668	32499	fn
175671	1567	fn
175610	1567	fn
175581	119	fn
175582	1567	fn
175589	1567	fn
175661	1567	fn
175628	1567	fn
175621	1567	fn
175615	1567	fn
175611	1567	fn
175619	1567	fn
175695	108607	fn
175690	1567	fn
175558	131444	fn
175552	1567	fn
175555	1567	fn
175554	1567	fn
175563	1567	fn
175564	1567	fn
175487	1567	fn
175557	1567	fn
175556	1567	fn
175531	1567	fn
175481	1567	fn
175476	1567	fn
175541	1567	fn
175518	1567	fn
175492	1567	fn
175497	119	fn
175495	1567	fn
175527	1567	fn
175549	1567	fn
175544	1567	fn
175571	578	fn
175521	1567	fn
175477	1567	fn
175509	1567	fn
175504	1567	fn
175560	1567	fn
175567	578	fn
175578	1567	fn
175489	159403	fn
175459	1567	fn
175441	1567	fn
175443	1567	fn
175386	1567	fn
175384	1567	fn
175382	1567	fn
175388	1567	fn
175392	70055	fn
175409	1567	fn
175404	1567	fn
175354	1567	fn
175358	1567	fn
175429	1567	fn
175411	126678	fn
175416	1567	fn
175417	76360	fn
175418	1567	fn
175379	1567	fn
175395	1567	fn
175423	1567	fn
175422	1567	fn
175393	1567	fn
175362	1567	fn
175434	1567	fn
175437	1567	fn
175430	1567	fn
175432	1567	fn
175433	1567	fn
175452	108607	fn
175424	1567	fn
175461	13900	fn
175460	1567	fn
175469	1567	fn
175468	1567	fn
175368	1567	fn
175365	1567	fn
175337	1456	fn
175333	1567	fn
175276	1567	fn
175307	1567	fn
175301	1567	fn
175255	1567	fn
175257	1567	fn
175322	1567	fn
175324	1567	fn
175326	1567	fn
175286	1567	fn
175285	1567	fn
175284	1567	fn
175283	1567	fn
175282	1567	fn
175260	1567	fn
175346	1567	fn
175349	1567	fn
175263	58391	fn
175319	1567	fn
175312	715	fn
175331	1567	fn
175339	1567	fn
175244	324	fn
175248	1567	fn
175214	1567	fn
175227	1567	fn
175226	1567	fn
175222	1567	fn
175251	1567	fn
174800	1567	fn
174889	1567	fn
174886	1567	fn
174887	1567	fn
174880	1567	fn
174825	104112	fn
174769	1567	fn
174859	1567	fn
174850	1567	fn
174849	1567	fn
174840	1567	fn
174844	1567	fn
174813	31738	fn
174823	1567	fn
174833	1567	fn
174872	1567	fn
174778	1567	fn
174771	1567	fn
174774	1567	fn
174874	1567	fn
174842	1567	fn
174843	1567	fn
174815	85449	fn
174816	1567	fn
174895	1567	fn
174894	1567	fn
174893	1567	fn
174775	1567	fn
174863	1567	fn
174865	1567	fn
174866	1567	fn
174867	110591	fn
174861	1456	fn
174814	1567	fn
174811	1567	fn
174812	1567	fn
174683	1567	fn
174687	1567	fn
174688	1567	fn
174764	1567	fn
174756	1567	fn
174753	1567	fn
174750	1567	fn
174662	1567	fn
174669	149076	fn
174702	1567	fn
174709	1567	fn
174708	1567	fn
174752	1567	fn
174691	1567	fn
174714	1567	fn
174660	1567	fn
174661	1567	fn
174690	1567	fn
174733	1567	fn
174744	1567	fn
174742	1567	fn
174728	149076	fn
174726	1567	fn
174724	1567	fn
174675	1567	fn
174677	1567	fn
174738	1567	fn
174736	1567	fn
174730	119	fn
174732	1567	fn
174605	1567	fn
174589	1567	fn
174587	1567	fn
174624	1567	fn
174622	1567	fn
174516	1567	fn
174517	157390	fn
174512	1567	fn
174519	1567	fn
174549	1567	fn
174546	578	fn
174543	1567	fn
174542	1567	fn
174501	1567	fn
174529	119	fn
174528	119	fn
174527	1567	fn
174551	1567	fn
174504	1567	fn
174509	1567	fn
174538	1567	fn
174536	1567	fn
174537	1567	fn
174535	1567	fn
174491	1567	fn
174490	1567	fn
174460	1567	fn
174464	1567	fn
174466	1567	fn
174480	87256	fn
174486	1567	fn
174484	12653	fn
174485	1567	fn
174489	1567	fn
174447	1567	fn
174492	1567	fn
174450	1567	fn
174453	1567	fn
174463	124473	fn
174470	166355	fn
174355	578	fn
174357	1567	fn
174419	1567	fn
174412	1567	fn
174415	1567	fn
174388	1567	fn
174380	13900	fn
174371	1567	fn
174418	1567	fn
174410	12653	fn
174329	1567	fn
174382	1567	fn
174402	1567	fn
174403	1567	fn
174406	1567	fn
174397	1567	fn
174393	1567	fn
174390	119	fn
174409	1567	fn
174379	1567	fn
174425	1567	fn
174330	1567	fn
174333	1567	fn
174337	1567	fn
174338	1567	fn
174335	1567	fn
174430	1567	fn
174147	1567	fn
174145	1567	fn
174175	1567	fn
174178	1567	fn
174179	1567	fn
174122	1567	fn
174124	4089	fn
174126	1567	fn
174137	1567	fn
174159	1567	fn
174156	166355	fn
174152	9682	fn
174153	1567	fn
174212	131444	fn
174211	1567	fn
174174	1567	fn
174222	49175	fn
174223	1567	fn
174220	1567	fn
174225	1567	fn
174135	25241	fn
174136	1567	fn
174192	715	fn
174161	128091	fn
174165	1567	fn
174204	1567	fn
174190	1567	fn
174195	58391	fn
174199	119	fn
174068	1051	fn
174062	1567	fn
174038	1567	fn
174039	1567	fn
174076	1567	fn
174053	1567	fn
174057	1567	fn
174059	1567	fn
174028	1567	fn
174107	1567	fn
174063	1567	fn
174079	1567	fn
174078	1567	fn
174072	1567	fn
174088	166355	fn
174100	1567	fn
174047	1567	fn
174045	1456	fn
174049	1567	fn
174058	1567	fn
174097	1567	fn
174099	1567	fn
173986	1567	fn
173984	1567	fn
174007	1567	fn
174004	1567	fn
173972	1567	fn
173979	1567	fn
173941	715	fn
173991	1567	fn
173997	1567	fn
173949	1567	fn
173961	1567	fn
173962	1567	fn
174019	1567	fn
174017	1567	fn
174011	1567	fn
174013	1567	fn
174012	1567	fn
173930	1567	fn
173936	1567	fn
173904	1567	fn
173908	1567	fn
173909	1567	fn
173928	1567	fn
173925	1567	fn
173926	1567	fn
173922	1567	fn
173923	2839	fn
173917	1567	fn
173895	1567	fn
173896	1567	fn
173892	1567	fn
173637	1567	fn
173626	1567	fn
173664	1567	fn
173654	1567	fn
173655	1567	fn
173649	1567	fn
173671	1567	fn
173673	1567	fn
173657	1567	fn
173621	1567	fn
173618	1567	fn
173651	13900	fn
173568	1567	fn
173569	1567	fn
172882	1567	fn
172855	1567	fn
172908	119	fn
172835	1783	fn
172807	114845	fn
172812	578	fn
172816	994	fn
172814	1567	fn
172819	1567	fn
172781	1567	fn
172828	1567	fn
172825	1567	fn
172843	1567	fn
172806	1567	fn
172803	1567	fn
172853	1567	fn
172796	1567	fn
172797	1567	fn
172851	1567	fn
172799	1567	fn
172838	1567	fn
172850	1567	fn
172680	120272	fn
172681	1567	fn
172684	13900	fn
172688	70055	fn
172729	578	fn
172727	1567	fn
172703	49175	fn
172700	1567	fn
172679	1567	fn
172731	1011	fn
172735	1567	fn
172722	1567	fn
172767	1567	fn
172690	1567	fn
172697	1567	fn
172714	1567	fn
172711	1567	fn
172719	1567	fn
172749	578	fn
172748	1567	fn
172747	70055	fn
172743	1567	fn
172754	1567	fn
172766	1567	fn
172775	1567	fn
172772	1567	fn
172608	1567	fn
172609	1567	fn
172606	1567	fn
172655	715	fn
172659	85449	fn
172592	1567	fn
172620	1567	fn
172629	1567	fn
172674	37641	fn
172672	1567	fn
172571	1567	fn
172644	1567	fn
172645	578	fn
172641	1567	fn
172582	1567	fn
172610	1567	fn
172640	1567	fn
172660	1567	fn
172666	1567	fn
172668	1567	fn
172669	50305	fn
172580	85449	fn
172633	578	fn
172630	1567	fn
172654	1567	fn
172613	77513	fn
172528	1567	fn
172521	1567	fn
172524	1567	fn
172499	1567	fn
172497	1567	fn
172495	1567	fn
172514	85449	fn
172518	1567	fn
172519	1567	fn
172549	1567	fn
172492	102447	fn
172472	1567	fn
172480	1567	fn
172488	1567	fn
172489	578	fn
172544	1567	fn
172567	1567	fn
172563	1567	fn
172560	1567	fn
172545	1567	fn
172557	1567	fn
172552	1567	fn
172555	1567	fn
172284	1567	fn
172257	1567	fn
172221	1567	fn
172226	9419	fn
172275	1567	fn
172279	1567	fn
172278	1567	fn
172270	1567	fn
172248	78754	fn
172249	1567	fn
172264	715	fn
172263	578	fn
172219	127401	fn
172216	57735	fn
172211	1567	fn
172196	155187	fn
172203	1567	fn
172201	1567	fn
172206	1567	fn
172161	1567	fn
172167	1567	fn
172205	1567	fn
172185	1567	fn
172184	1567	fn
172187	1567	fn
172194	1567	fn
172195	1567	fn
172178	1567	fn
172115	1567	fn
172052	1567	fn
172050	85449	fn
172068	1567	fn
172069	119	fn
172063	1567	fn
172061	1567	fn
172148	1567	fn
172154	1567	fn
172130	1567	fn
172138	1567	fn
172109	1567	fn
172049	1567	fn
172041	1567	fn
172140	1567	fn
172143	1567	fn
172147	85449	fn
172098	1567	fn
172088	1567	fn
172103	1567	fn
172039	1567	fn
172125	1567	fn
172122	1567	fn
172121	1567	fn
171962	1567	fn
171964	715	fn
171965	1567	fn
172003	45189	fn
171939	1567	fn
171940	1567	fn
171995	1567	fn
171990	1567	fn
171917	1567	fn
171916	1567	fn
171918	119	fn
171920	13900	fn
172019	1567	fn
172012	4089	fn
170900	1567	fn
171971	1567	fn
171979	1567	fn
172022	1567	fn
172023	164121	fn
172021	1567	fn
171982	1567	fn
171984	1567	fn
171987	1567	fn
171988	1567	fn
171910	1567	fn
171948	12653	fn
171949	1567	fn
171941	1567	fn
171959	1567	fn
171953	1567	fn
171952	1567	fn
171950	1567	fn
171928	3452	fn
171981	1567	fn
171986	3817	fn
170898	1567	fn
172009	1567	fn
172004	1567	fn
172005	1567	fn
172006	578	fn
170862	1567	fn
170839	1567	fn
170808	1567	fn
170809	70055	fn
170800	1567	fn
170804	1567	fn
170882	1567	fn
170881	1567	fn
170888	1567	fn
170776	715	fn
170868	1567	fn
170857	1567	fn
170852	1567	fn
170854	1567	fn
170824	1567	fn
170826	1567	fn
170796	1567	fn
170850	1567	fn
170879	1567	fn
170877	1567	fn
170873	1567	fn
170815	1567	fn
170817	119	fn
170844	578	fn
170843	1567	fn
170841	1567	fn
170849	1567	fn
170819	1567	fn
170813	84922	fn
170689	85449	fn
170687	1567	fn
170680	1567	fn
170659	1567	fn
170654	1567	fn
170752	1567	fn
170753	1567	fn
170751	1567	fn
170669	1567	fn
170709	1567	fn
170707	1567	fn
170706	47451	fn
170637	1567	fn
170638	1567	fn
170633	1567	fn
170641	1567	fn
170642	1567	fn
170764	1567	fn
170729	119	fn
170693	1567	fn
170691	4089	fn
170690	1567	fn
170701	1567	fn
170649	1567	fn
170748	1567	fn
170708	168053	fn
170679	1567	fn
170696	1567	fn
170736	1567	fn
170678	1567	fn
170591	1567	fn
170595	715	fn
170544	1567	fn
170540	1567	fn
170549	1567	fn
170632	1567	fn
170569	1567	fn
170613	131444	fn
170615	1567	fn
170619	1567	fn
170628	1567	fn
170620	1567	fn
170621	1567	fn
170578	1567	fn
170563	1567	fn
170566	715	fn
170495	1567	fn
170490	1567	fn
170510	164121	fn
170512	1567	fn
170519	1567	fn
170488	1567	fn
170487	1567	fn
170480	113055	fn
170529	1567	fn
170527	1567	fn
170505	1567	fn
170504	1567	fn
170503	1567	fn
170472	1567	fn
170470	1567	fn
170475	1567	fn
170532	668	fn
170530	1567	fn
170509	1567	fn
170508	1567	fn
170466	134512	fn
170437	1567	fn
170439	1567	fn
170433	1567	fn
170431	1567	fn
170451	1567	fn
170450	12653	fn
170452	1567	fn
170456	1567	fn
170425	1567	fn
170426	1567	fn
170428	1567	fn
170463	715	fn
170440	1567	fn
170447	1567	fn
170445	1567	fn
170371	1567	fn
170364	1567	fn
170361	1567	fn
170342	1567	fn
170350	1567	fn
170351	1567	fn
170406	1567	fn
170408	1567	fn
170409	1567	fn
170385	110271	fn
170384	1567	fn
170388	1567	fn
170374	1567	fn
170379	1567	fn
170420	1567	fn
170368	1567	fn
170423	1567	fn
170396	1567	fn
170397	1567	fn
170394	1567	fn
170395	1567	fn
170348	1567	fn
170416	1567	fn
170411	1567	fn
170410	1567	fn
170418	1567	fn
170280	1567	fn
170283	1567	fn
170256	1567	fn
170309	1567	fn
170307	71170	fn
170312	1567	fn
170315	1567	fn
170264	578	fn
170288	2337	fn
170321	1567	fn
170320	1567	fn
170329	1567	fn
170318	578	fn
170319	1567	fn
170311	668	fn
170316	1567	fn
170314	715	fn
170325	1567	fn
170340	1567	fn
170274	1567	fn
170334	1567	fn
170331	131444	fn
170201	1567	fn
170209	1567	fn
170165	1567	fn
170195	12607	fn
170235	1567	fn
170236	11658	fn
170231	1567	fn
170230	1567	fn
170179	2275	fn
170243	1567	fn
170217	1567	fn
170252	1567	fn
170159	1567	fn
170152	1567	fn
169934	1567	fn
169952	1567	fn
170020	1567	fn
169974	151432	fn
169976	1567	fn
169970	1567	fn
169978	1567	fn
169925	1400	fn
169926	1567	fn
169914	1567	fn
169915	1567	fn
169899	1567	fn
169898	1567	fn
169888	1567	fn
169878	1567	fn
169904	1567	fn
169885	578	fn
169886	1567	fn
169881	1567	fn
169889	1567	fn
169921	1567	fn
169830	1567	fn
169841	1567	fn
169857	85449	fn
169828	1567	fn
169823	1567	fn
169870	1567	fn
169865	1567	fn
169863	1567	fn
169831	1567	fn
169833	1567	fn
169835	1567	fn
169837	119	fn
169839	1567	fn
169758	1567	fn
169750	1567	fn
169787	1567	fn
169789	1567	fn
169812	1987	fn
169811	1567	fn
169810	1567	fn
169764	1567	fn
169760	578	fn
169795	1567	fn
169801	71157	fn
169842	1567	fn
169747	4089	fn
169748	1567	fn
169776	1567	fn
169772	1567	fn
169702	1567	fn
169704	1567	fn
169674	1567	fn
169673	1567	fn
169736	1567	fn
169737	1567	fn
169734	1567	fn
169690	1567	fn
169667	1567	fn
169717	1567	fn
169742	1567	fn
169688	1567	fn
169689	1567	fn
169680	1567	fn
169687	578	fn
169721	1567	fn
169725	1567	fn
169651	715	fn
169597	1567	fn
169599	1567	fn
169624	1567	fn
169620	1567	fn
169621	578	fn
169592	1567	fn
169569	1567	fn
169561	1567	fn
169611	1567	fn
169613	1567	fn
169555	50305	fn
169306	1567	fn
169301	1567	fn
169416	1567	fn
169415	1567	fn
169385	1567	fn
169389	1567	fn
169273	1567	fn
169272	1567	fn
169274	715	fn
169240	1567	fn
169246	1567	fn
169295	1567	fn
169296	1567	fn
169291	1567	fn
169290	1567	fn
169262	1567	fn
169263	1456	fn
169265	1567	fn
169288	1567	fn
169286	1567	fn
169284	715	fn
169258	1567	fn
169253	1567	fn
169252	1567	fn
169227	1567	fn
169228	1567	fn
169193	1567	fn
169216	1567	fn
169219	1567	fn
169195	1567	fn
169154	1567	fn
169158	1567	fn
169183	1567	fn
169189	51299	fn
169188	1567	fn
169204	1567	fn
169178	1567	fn
169179	1567	fn
169175	1567	fn
169170	1567	fn
169173	41237	fn
169222	578	fn
169223	1567	fn
169224	13900	fn
169145	715	fn
169074	1567	fn
169071	1567	fn
169070	12653	fn
169079	1567	fn
169134	1567	fn
169084	1567	fn
169085	1567	fn
168352	1567	fn
168357	131444	fn
168356	12653	fn
168342	1567	fn
168256	1567	fn
168258	1567	fn
168278	1567	fn
168273	1567	fn
168234	1567	fn
168233	1567	fn
168219	1567	fn
168211	1567	fn
168217	1567	fn
168269	578	fn
168268	1567	fn
168291	1567	fn
168240	1567	fn
168248	1567	fn
168290	1567	fn
168088	12653	fn
168087	1567	fn
168086	1567	fn
168084	1567	fn
168146	1567	fn
168145	1567	fn
168129	1567	fn
168198	1567	fn
168193	578	fn
168112	1567	fn
168115	1567	fn
168114	1567	fn
168099	1567	fn
168169	1567	fn
168161	1567	fn
168165	1567	fn
168131	3875	fn
168136	1567	fn
168075	1567	fn
168182	1567	fn
168186	578	fn
168187	1567	fn
168103	1567	fn
168106	1567	fn
168107	1567	fn
168104	1567	fn
168141	1567	fn
168155	1567	fn
168154	578	fn
